generator_version,host,code_commit,model,instrument_strength,shape,strength,repeat,crude_error,rho_mean,rho_low,rho_high,bias_average,rmse_individual,coverage_95,wrong_drug,hba1c_lost,rhat_average_effect,rhat_worst_patient,share_patients_rhat_above_1.01,share_concordant,pairs,predicted_benefit,observed_benefit,true_benefit,seconds
2,EVELYN68961,925d113,plain,0.5,threshold,0.5,0,0.4068318889864724,0.0,0.0,0.0,0.2223031862075408,0.9038391083432621,1.0,0.0736,0.03603361588035741,1.0006296152439782,1.0046727667398136,0.0,0.5106,2457,2.726863127595702,2.6151155474350354,2.343743511157316,81
2,EVELYN68961,925d113,joint,0.5,threshold,0.5,0,0.4068318889864724,0.06146751250502381,-0.061018302161974056,0.18026128907062774,-1.1773989389046353,1.4602720172392007,1.0,0.139,0.11199403269375416,1.0008489455032379,1.0022051775107244,0.0,0.4312,2039,2.7031719284268596,3.5971091133607884,2.6044067432186404,117
2,EVELYN68961,925d113,plain,0.5,linear,0.5,0,0.7703660951254978,0.0,0.0,0.0,0.6127195380082796,1.1124483891234351,0.9886,0.0926,0.05871943862835201,1.0007356801572411,1.0041784080049325,0.0,0.5348,2576,2.8610607576862943,2.1807809974115187,2.234522375438928,80
2,EVELYN68961,925d113,joint,0.5,linear,0.5,0,0.7703660951254978,0.0681212807510779,-0.06349658727617771,0.19241604907048332,-0.934235077686274,1.2924364695238104,1.0,0.1186,0.08649802801510993,1.0023470587918537,1.0045541605749309,0.0,0.4444,2119,2.6633106719479236,3.759204350555707,2.5779618708163574,117
2,EVELYN68961,925d113,plain,0.5,none,0.0,0,-0.3866453797296501,0.0,0.0,0.0,-0.5062552519839558,0.7443246454905688,1.0,0.072,0.029295112798109937,1.0003985640676687,1.0049570729728852,0.0,0.446,2148,2.0821889769107074,2.497504466883631,2.6276444387162035,81
2,EVELYN68961,925d113,joint,0.5,none,0.0,0,-0.3866453797296501,0.03832940263355632,-0.09456518320321583,0.16110060122952344,-1.3616707986795877,1.4748147363931317,1.0,0.184,0.15343023627688795,1.0006732814922426,1.0048741199213793,0.0,0.3824,1847,2.1877865765617255,2.590927841377019,2.746811555913547,120
2,EVELYN68961,925d113,plain,0.5,linear,1.0,0,3.929061583049007,0.0,0.0,0.0,3.9686669419704397,4.176853215729482,0.1398,0.3204,0.5421657930176714,1.0013588558941038,1.0036475050638216,0.0,0.6376,3133,4.861267266080675,3.6136214192619027,1.0709411741130066,80
2,EVELYN68961,925d113,joint,0.5,linear,1.0,0,3.929061583049007,0.153811979099744,0.01790640548117798,0.2882953180516233,0.3017147928532448,1.2713990941285405,1.0,0.087,0.05570407323237207,1.002002761532104,1.0037433295705944,0.0,0.511,2484,3.119740427966989,4.644834611522281,2.275072667538348,125
2,EVELYN68961,925d113,plain,0.5,effect,0.5,0,0.47015815514196824,0.0,0.0,0.0,0.28091029322728767,1.023470611408717,0.998,0.0806,0.0473237623298498,1.0004875897408823,1.004278170302944,0.0,0.5224,2518,2.7703459220625226,2.918734140045136,2.2900005749696866,79
2,EVELYN68961,925d113,joint,0.5,effect,0.5,0,0.47015815514196824,0.04980749797117042,-0.07582533042277358,0.1734635509681413,-0.7996875577353725,1.2521373211500155,0.9998,0.109,0.0784374995287734,1.0011760900512299,1.0032241189645514,0.0,0.4592,2199,2.6716868675217036,2.9730228071559086,2.520624387901873,147
2,EVELYN68961,925d113,plain,0.5,threshold,1.0,0,2.8278623142852837,0.0,0.0,0.0,2.8658186605723603,3.1436912516935602,0.357,0.2468,0.3398771707862285,0.9996791812116803,1.0039328290824583,0.0,0.6044,2974,4.200725691460138,3.9429731654800664,1.4496126533614544,80
2,EVELYN68961,925d113,joint,0.5,threshold,1.0,0,2.8278623142852837,0.1201441751308402,-0.00811592452558572,0.2386617992119042,0.006447373093153866,1.2131399318481833,1.0,0.0842,0.05218632874009825,1.0022161755886525,1.003425029411758,0.0,0.5042,2428,2.9792121063223953,4.268663838187082,2.3073789664382,148
2,EVELYN68961,925d113,plain,1.0,none,0.0,0,-0.20088123265662539,0.0,0.0,0.0,-0.41284275281560845,0.6959229219160025,1.0,0.0718,0.033437728038734106,1.0000307946445102,1.0045690361303616,0.0,0.4598,2218,2.4095977542229687,2.157423011587465,2.577906256292505,85
2,EVELYN68961,925d113,joint,1.0,none,0.0,0,-0.20088123265662539,0.03977618881049959,-0.05172887244850764,0.12998774536431895,-1.2068468458438435,1.3348460113053233,1.0,0.1508,0.11327386324683311,0.9999194151365081,1.0037117821954156,0.0,0.42,2014,2.4384047369197734,3.4058033354333044,2.6254252940059963,139
2,EVELYN68961,925d113,plain,0.5,effect,1.0,0,2.8058753301727926,0.0,0.0,0.0,2.8128682159247442,3.2409409387642034,0.358,0.2382,0.33452137635809953,1.0007963989113067,1.004172915481118,0.0,0.605,2974,4.284712515499662,3.5808118849158204,1.4603498584971282,80
2,EVELYN68961,925d113,joint,0.5,effect,1.0,0,2.8058753301727926,0.09454919159030367,-0.03204787601542376,0.21763762935558112,0.6637899083943318,1.6861401400270726,0.984,0.1184,0.10136428261317576,1.0028186503950667,1.0041713547553117,0.0,0.5352,2594,3.3255090265611,4.264758599594919,2.1097579285071237,149
2,EVELYN68961,925d113,plain,1.0,linear,1.0,0,3.4585693503388946,0.0,0.0,0.0,3.4164193282829842,3.492494420142027,0.1316,0.3102,0.4827749001506622,1.000487008721781,1.0064861332088304,0.0,0.6164,3015,4.257417649284338,3.05690071320427,1.2131572979288407,87
2,EVELYN68961,925d113,joint,1.0,linear,1.0,0,3.4585693503388946,0.18293314882473766,0.08530483809594588,0.27836273485397806,-0.6147312374437898,0.9240117931219666,1.0,0.075,0.03503937608763158,1.000492782053949,1.0046071532049992,0.0,0.4592,2233,2.704350426447711,3.280762601681011,2.5311609611211674,131
2,EVELYN68961,925d113,plain,1.0,linear,0.5,0,0.4228745713058988,0.0,0.0,0.0,0.2180600079950072,0.9997114256966247,0.9982,0.0964,0.05997286744932186,1.0008137842123026,1.0041253064972828,0.0,0.5124,2449,2.412140850685995,1.3531046982857349,2.3041745891237304,93
2,EVELYN68961,925d113,joint,1.0,linear,0.5,0,0.4228745713058988,0.06579670146790442,-0.031555586822664176,0.1591729747347017,-1.136584505055314,1.4717380471146884,0.9846,0.1598,0.1479526066641816,1.0000502234783653,1.003559646949518,0.0,0.4254,2014,2.3864524832513485,2.687811067008453,2.4632989807152756,140
2,EVELYN68961,925d113,plain,1.0,threshold,0.5,0,0.1459802709386242,0.0,0.0,0.0,-0.08417836399697685,0.9503627862267564,0.998,0.0918,0.055473808618024915,1.0009332871151801,1.0049984745615594,0.0,0.4922,2355,2.3825240466021347,1.7626698766574922,2.3801428442729096,92
2,EVELYN68961,925d113,joint,1.0,threshold,0.5,0,0.1459802709386242,0.05587798261020893,-0.035121178914556656,0.14788430927657448,-1.2380857747824685,1.5532376679876732,0.973,0.1694,0.16220286766585554,1.000520596227772,1.0034973869841075,0.0,0.4214,1991,2.461479019866096,2.2350731706881164,2.4761437982282333,139
2,EVELYN68961,925d113,plain,1.0,threshold,1.0,0,2.381696320594976,0.0,0.0,0.0,2.309933615857607,2.4176538733168282,0.4834,0.2248,0.2589017818274736,0.9996360292371707,1.0052196572779566,0.0,0.577,2822,3.598448399833907,2.9029203365787697,1.694344005418424,92
2,EVELYN68961,925d113,joint,1.0,threshold,1.0,0,2.381696320594976,0.1440265345469658,0.04480488207224525,0.2367811235950068,-0.8486814751791912,1.0890091994485491,1.0,0.099,0.05668511552283869,1.0017895277557274,1.0041429602413967,0.0,0.4484,2171,2.6716898245402634,2.169208295533782,2.570425374818488,138
2,EVELYN68961,925d113,plain,1.0,effect,0.5,0,0.14011665209406488,0.0,0.0,0.0,-0.08726152926300705,1.0504584958142533,0.99,0.0992,0.06635438552819493,0.9999949812545587,1.0060183036240204,0.0,0.5004,2387,2.4160001980056562,1.8620968443091122,2.3504173642958084,91
2,EVELYN68961,925d113,joint,1.0,effect,0.5,0,0.14011665209406488,0.04676962468130115,-0.0468448320895639,0.1387902418448834,-1.0240055460792727,1.441094386527366,0.9792,0.1508,0.13845519200821532,0.9996919011713782,1.00371134984837,0.0,0.4372,2067,2.4340580921680135,2.412718458800317,2.4576004024250957,129
2,EVELYN68961,925d113,plain,1.0,effect,1.0,0,2.3808291410054867,0.0,0.0,0.0,2.2940892543395615,2.4881535880260772,0.4564,0.213,0.2454892402155601,1.0007759276709303,1.0048704091724188,0.0,0.5756,2816,3.7487854253845736,2.912308531691344,1.730559626616448,90
2,EVELYN68961,925d113,joint,1.0,effect,1.0,0,2.3808291410054867,0.11078168559160659,0.017590708491371263,0.2038846049735966,-0.025576229662399266,0.9116320477883517,1.0,0.0674,0.03016630967151642,0.9998347932974144,1.002692606283738,0.0,0.5024,2429,2.782868557878625,2.989316798263626,2.3526521594038745,126
2,EVELYN68961,925d113,plain,0.5,none,0.0,1,-0.3621559087303928,0.0,0.0,0.0,-0.6481799290400994,1.2662102202629053,0.934,0.0934,0.0621390584383197,1.0020527495516838,1.003724567277467,0.0,0.4824,2298,2.9039601816682237,3.8856353998142317,2.5374435066809404,88
2,EVELYN68961,925d113,joint,0.5,none,0.0,1,-0.3621559087303928,-0.004862192158128537,-0.13409598752337062,0.1271700341520737,-0.5241461287460589,1.223207902692171,0.9996,0.0922,0.05831945508960997,1.0028553782858733,1.0051608219301682,0.0,0.488,2319,2.933915061824492,3.268899092710826,2.5329055418446877,145
2,EVELYN68961,925d113,plain,0.5,linear,0.5,1,0.30429431995747874,0.0,0.0,0.0,0.08015714927751613,0.8208210308974271,1.0,0.055,0.019534221858317862,1.0023114249758067,1.0051997820130782,0.0,0.502,2416,3.1192260087951533,2.106268397863427,2.526875724900505,89
2,EVELYN68961,925d113,joint,0.5,linear,0.5,1,0.30429431995747874,0.04144749859900402,-0.08160405735027837,0.1672593802204767,-0.8389767441378213,1.1604670181030323,1.0,0.082,0.04069895765613823,1.0027117125087637,1.0064561039116053,0.0,0.4594,2204,3.006278497788328,3.3406250535267987,2.694714079487057,144
2,EVELYN68961,925d113,plain,0.5,threshold,0.5,1,0.0021809099701099455,0.0,0.0,0.0,-0.2141984327779778,0.9635585886208984,0.9944,0.0604,0.023783689120121146,1.0008822406030293,1.0045448589510968,0.0,0.4934,2382,3.134308745958546,2.429754112697789,2.555146605097912,87
2,EVELYN68961,925d113,joint,0.5,threshold,0.5,1,0.0021809099701099455,0.009758309836950285,-0.11718391993968458,0.13966016928604275,-0.42036127264899864,1.0395446001046107,1.0,0.063,0.02719359572100014,1.0011490361492814,1.0031778970963885,0.0,0.4836,2331,3.1085311008932033,2.1083922178573107,2.5886832027885287,158
2,EVELYN68961,925d113,plain,0.5,linear,1.0,1,3.446547727832683,0.0,0.0,0.0,3.537530919605087,3.6653331157651414,0.1626,0.3038,0.46583289137143474,1.00023723128522,1.0054714103477422,0.0,0.6276,3067,4.518951239179831,4.783097564810085,1.3060703759307886,86
2,EVELYN68961,925d113,joint,0.5,linear,1.0,1,3.446547727832683,0.1225553741658833,-0.029244179997759755,0.2590851064962803,0.6567746558304011,1.0817729311718904,1.0,0.0818,0.04360106468381715,1.00077767493625,1.003617012958161,0.0,0.5356,2596,3.128647782218986,5.307919959370277,2.317076898909585,170
2,EVELYN68961,925d113,plain,0.5,effect,0.5,1,0.036713159739638124,0.0,0.0,0.0,-0.20549164455363422,0.9122421343241056,0.9962,0.0616,0.023795193376621074,0.9998915438053689,1.0051424880028426,0.0,0.4946,2388,3.0773450756818392,2.2837845417260296,2.554314482540197,85
2,EVELYN68961,925d113,joint,0.5,effect,0.5,1,0.036713159739638124,-0.0006490405733174267,-0.12650202003647662,0.1214196670368915,-0.19096416859284415,0.908669985666872,1.0,0.0616,0.02415221084890718,1.0010919946074635,1.0037867999730665,0.0,0.4958,2387,3.0727108839695627,2.0742131479162738,2.548691648340501,149
2,EVELYN68961,925d113,plain,0.5,threshold,1.0,1,2.663850535979436,0.0,0.0,0.0,2.845595514470204,3.101578527488682,0.3646,0.2508,0.3457140755758656,1.0015026598142653,1.004007803477931,0.0,0.6158,3002,4.1590947113583745,4.928484148008039,1.5514478960987683,87
2,EVELYN68961,925d113,joint,0.5,threshold,1.0,1,2.663850535979436,0.048126627022246175,-0.09530677548867994,0.17905688749736565,1.7132332848308232,2.074128360965573,0.992,0.1618,0.1626391945833111,1.002179519349625,1.00528110080983,0.0,0.5804,2821,3.584351564099986,4.195657803229498,1.9444935715146563,172
2,EVELYN68961,925d113,plain,1.0,none,0.0,1,0.0044745248875388,0.0,0.0,0.0,-0.3390305529610374,0.8064905137666197,1.0,0.0592,0.030686545055000715,1.0005106788351938,1.0063829314325554,0.0,0.4942,2376,2.590122697312352,3.6207060688868147,2.5239096066324964,90
2,EVELYN68961,925d113,joint,1.0,none,0.0,1,0.0044745248875388,0.01754771310920065,-0.07173682984823575,0.10576699320557084,-0.6785551039804656,0.9926122500358804,1.0,0.0718,0.04505980672526812,0.9996957368225288,1.0039252750537466,0.0,0.4732,2298,2.558868575028267,2.941091124483947,2.577820711623573,139
2,EVELYN68961,925d113,plain,1.0,linear,0.5,1,0.829582968782062,0.0,0.0,0.0,0.5495193768403109,1.1570733458844342,0.9614,0.0858,0.04996614179135164,1.0004169257856386,1.005365116940195,0.0,0.5094,2477,3.1138643614196533,3.2314609198752215,2.401780051225362,90
2,EVELYN68961,925d113,joint,1.0,linear,0.5,1,0.829582968782062,0.0702751174288644,-0.024332485639440668,0.16366399208908258,-0.8777914061782128,1.347584543105736,0.9906,0.1056,0.07059873389620586,1.001236983926827,1.0033023500737526,0.0,0.4488,2178,2.936244191023428,3.4297859120263214,2.6525124663173214,140
2,EVELYN68961,925d113,plain,0.5,effect,1.0,1,2.402139096425441,0.0,0.0,0.0,2.428703759086181,2.7814152617819574,0.4414,0.2134,0.27067141976580344,0.9999013108890822,1.0043618048534404,0.0,0.6048,2936,3.993061269652228,4.350762749224532,1.707643371872546,89
2,EVELYN68961,925d113,joint,0.5,effect,1.0,1,2.402139096425441,0.01819503878184384,-0.11196982759545931,0.1527616457396132,2.002642443298324,2.40661432477276,0.9296,0.1824,0.20899316509941454,1.0031622459867058,1.0060222510450294,0.0,0.5934,2878,3.780332326104767,4.845833538584184,1.8495736497620419,164
2,EVELYN68961,925d113,plain,1.0,linear,1.0,1,3.3436076188385515,0.0,0.0,0.0,3.151477672642107,3.2755083233419002,0.217,0.2938,0.4394521257811295,1.0011623647833992,1.0048301945913851,0.0,0.6062,2968,4.107078229271782,3.8443552878311738,1.4316833492715069,89
2,EVELYN68961,925d113,joint,1.0,linear,1.0,1,3.3436076188385515,0.16218837120807758,0.06810498924052732,0.2560499355273893,-0.3354302455420617,1.0146874643384738,1.0,0.0906,0.047814990951230416,1.0009260588044713,1.0035148612493838,0.0,0.465,2260,2.930514374063385,4.642026788523994,2.676159117332235,140
2,EVELYN68961,925d113,plain,1.0,threshold,0.5,1,0.532992365656443,0.0,0.0,0.0,0.2809304683445046,1.1582086140199195,0.9698,0.0856,0.047935883125413546,1.0005736692343554,1.0044741936238162,0.0,0.5052,2454,3.1032462387510553,3.3795612504934716,2.4231817091403554,92
2,EVELYN68961,925d113,joint,1.0,threshold,0.5,1,0.532992365656443,0.0369799429869783,-0.05987290938030311,0.1361351751276915,-0.47778401128200326,1.225252001603828,0.9964,0.0898,0.052945386352930016,1.0021792627693695,1.0036406636059274,0.0,0.4742,2300,2.982010458145975,3.1703174263303238,2.554093940275306,136
2,EVELYN68961,925d113,plain,1.0,threshold,1.0,1,2.5026591250374794,0.0,0.0,0.0,2.370503642822626,2.5359899957846177,0.4736,0.2278,0.27589981391465374,0.9996784949860544,1.0043281781470614,0.0,0.5806,2839,3.7592861413571548,3.490471153808641,1.7645695134687915,92
2,EVELYN68961,925d113,joint,1.0,threshold,1.0,1,2.5026591250374794,0.09240593962503461,-0.0027402757304049487,0.18870478144658442,0.37098941647665107,0.9922771453283274,1.0,0.078,0.04158004559771022,0.9999246861627352,1.003414655552112,0.0,0.4984,2437,3.0313745577399662,3.558212787199015,2.4972931531530302,136
2,EVELYN68961,925d113,plain,1.0,effect,0.5,1,0.596442464221572,0.0,0.0,0.0,0.28709036972282853,1.1057609218822633,0.9762,0.0844,0.04639159741431522,1.000514096231664,1.0039929785535082,0.0,0.5056,2447,3.049947585672299,3.0056914525414866,2.4178696041932635,92
2,EVELYN68961,925d113,joint,1.0,effect,0.5,1,0.596442464221572,0.032444870651468886,-0.06295026651763498,0.12397696817328815,-0.3535098911078171,1.1341254122208497,0.9996,0.0826,0.04548897632980122,1.0014200286621386,1.0039178196284708,0.0,0.4794,2323,2.9596006730457525,3.2806774024393683,2.548663149215854,134
2,EVELYN68961,925d113,plain,1.0,effect,1.0,1,2.3146878445480707,0.0,0.0,0.0,2.073361072217324,2.2723487369625994,0.5496,0.199,0.2199966640786609,0.9999377016502177,1.0046861609015472,0.0,0.5746,2815,3.604269727005749,3.481667641302054,1.8851357938798232,91
2,EVELYN68961,925d113,joint,1.0,effect,1.0,1,2.3146878445480707,0.048835548993172176,-0.043472791633886815,0.14466154413695653,1.0573427303449618,1.4149542637179866,0.9956,0.1142,0.08521071309021741,1.0012452387237343,1.0047161691424247,0.0,0.5394,2638,3.177148175611683,3.7677643489709483,2.2433085970976263,133
2,EVELYN68961,925d113,plain,0.5,none,0.0,2,-0.14942775338689226,0.0,0.0,0.0,-0.7014652027323935,1.5246445535665498,0.882,0.1208,0.09283204333173228,1.000356019617558,1.0079897316947597,0.0,0.4882,2369,2.6544459287827427,2.139749748796806,2.3660349349373724,86
2,EVELYN68961,925d113,joint,0.5,none,0.0,2,-0.14942775338689226,0.04676246020667549,-0.06763625691838407,0.16359820563997496,-1.7413493014625376,2.222482610461504,0.9036,0.164,0.15986766410597028,1.00212766985811,1.0036890854119014,0.0,0.4174,2029,2.7041451400911045,2.309879698240678,2.6013388127771733,150
2,EVELYN68961,925d113,plain,0.5,linear,0.5,2,1.3752903518230553,0.0,0.0,0.0,0.8444770708585666,1.3023442946990986,0.929,0.1176,0.0838483968663581,1.0017003683369403,1.0044606274225845,0.0,0.528,2559,2.960933015314768,3.570933755008245,2.2217526561806284,81
2,EVELYN68961,925d113,joint,0.5,linear,0.5,2,1.3752903518230553,0.07188837272977022,-0.05428931041610044,0.1923416458193775,-0.7989022343193947,1.3043176269536312,1.0,0.1172,0.08602884478164965,1.0017391732353238,1.0040322079801198,0.0,0.4408,2135,2.5940432546526924,3.5664740182548695,2.620178844013784,149
2,EVELYN68961,925d113,plain,0.5,threshold,0.5,2,1.060839387968373,0.0,0.0,0.0,0.5575036517546501,1.1175232735084057,0.9804,0.1002,0.06379354084679927,1.0007019548401483,1.003919826111592,0.0,0.5138,2494,2.8760414684352082,3.5090779990939,2.307965223552289,79
2,EVELYN68961,925d113,joint,0.5,threshold,0.5,2,1.060839387968373,0.054702187353324556,-0.06625617250083093,0.16970445011249088,-0.6879083061780755,1.2211796450949102,1.0,0.1106,0.07647840524708205,1.0008697091087049,1.0034584809309774,0.0,0.4454,2137,2.6760797759891264,4.100961817877229,2.6215615520078277,144
2,EVELYN68961,925d113,plain,0.5,linear,1.0,2,4.430358425456068,0.0,0.0,0.0,4.084486943706311,4.321726945496726,0.1416,0.347,0.6383188175504101,1.0002853195686587,1.0042597914458238,0.0,0.6458,3150,4.774185517127794,4.8943406960242255,0.9679622164157029,81
2,EVELYN68961,925d113,joint,0.5,linear,1.0,2,4.430358425456068,0.10608304174780063,-0.026759186794881692,0.23316368181818606,1.5580689487938186,2.083014218398322,0.972,0.1704,0.17877101208305968,1.001076046399855,1.0030893355568056,0.0,0.5584,2714,3.339083927397438,5.99511150613195,1.9072595291973766,153
2,EVELYN68961,925d113,plain,0.5,threshold,1.0,2,3.720634359994912,0.0,0.0,0.0,3.4909864737335474,3.8785985089464092,0.2596,0.3174,0.5626648065841908,0.9995961442776521,1.004423916674199,0.0,0.633,3074,4.42330389309132,4.817264112773543,1.1110380754129672,88
2,EVELYN68961,925d113,joint,0.5,threshold,1.0,2,3.720634359994912,0.060429202184103574,-0.060088136816173095,0.1792601246807682,2.030095366342433,2.627393353160226,0.8612,0.2142,0.2852495724365986,1.001645123396542,1.0040191437622699,0.0,0.589,2858,3.540276272390295,5.090542873579321,1.6470556779098704,146
2,EVELYN68961,925d113,plain,0.5,effect,0.5,2,1.098878144071406,0.0,0.0,0.0,0.5486046619429165,1.0834821016184821,0.9772,0.0968,0.06104436837864136,1.0015047205934078,1.004289534269033,0.0,0.5152,2507,2.909694859551035,3.6644339149356284,2.3129354010013543,89
2,EVELYN68961,925d113,joint,0.5,effect,0.5,2,1.098878144071406,0.055047989503088854,-0.0649403307743731,0.17326136113147386,-0.6858016707734281,1.1846080596313593,1.0,0.1044,0.06660084942925971,1.0022259154911468,1.003170687177383,0.0,0.4528,2183,2.6465774821827077,3.9607650166681094,2.598924398791356,145
2,EVELYN68961,925d113,plain,1.0,none,0.0,2,-0.09375386213561274,0.0,0.0,0.0,-0.5384473773402948,1.063009092770383,0.9802,0.0842,0.04494325277146039,0.999843560169007,1.005865864569941,0.0,0.472,2313,2.6956397264774794,2.2669955310696333,2.5013776654717637,92
2,EVELYN68961,925d113,joint,1.0,none,0.0,2,-0.09375386213561274,0.02782040508038184,-0.056071799043180694,0.111977550901667,-1.0780648904408678,1.4147556251621018,0.9858,0.1034,0.06685058909475051,1.001369360663485,1.0044389629425547,0.0,0.4436,2158,2.6839537536441687,2.651388123718086,2.602712389358321,137
2,EVELYN68961,925d113,plain,0.5,effect,1.0,2,3.3336644436688547,0.0,0.0,0.0,2.928088405826001,3.3441032087982174,0.3436,0.2602,0.3871819255731348,0.9998171799456934,1.0034029791029102,0.0,0.6126,2974,4.200849238661692,4.629257818626412,1.4341014853336453,91
2,EVELYN68961,925d113,joint,0.5,effect,1.0,2,3.3336644436688547,0.05372991764013575,-0.06079976521855971,0.17057543003824768,1.6775383675362654,2.3048375605654354,0.8924,0.1772,0.19910833416948553,1.0045167825820875,1.0061391908943045,0.0,0.572,2771,3.520609933001417,5.098608928736,1.831528265201521,145
2,EVELYN68961,925d113,plain,1.0,linear,0.5,2,0.5067307996429283,0.0,0.0,0.0,0.059202034065246115,1.6189094909809116,0.832,0.121,0.09079113409420775,1.0007922682846417,1.0044959586028217,0.0,0.5032,2466,3.1851300789784016,3.155528196198648,2.2706275803055203,80
2,EVELYN68961,925d113,joint,1.0,linear,0.5,2,0.5067307996429283,0.06338872857612494,-0.023185419004023544,0.15014825296020334,-1.227649284276161,2.047840810734221,0.8348,0.1362,0.11520890337391357,1.0007246733160169,1.0036532673192478,0.0,0.448,2171,3.043371504830681,4.202128241822387,2.479074808776235,143
2,EVELYN68961,925d113,plain,1.0,linear,1.0,2,3.2903078240882837,0.0,0.0,0.0,2.9802754526071307,3.2070302724964916,0.3386,0.2372,0.2945696338794515,1.0010811322127642,1.0079723967582408,0.0,0.581,2837,4.369056157053503,4.033927657081563,1.6285902330861313,81
2,EVELYN68961,925d113,joint,1.0,linear,1.0,2,3.2903078240882837,0.15450028530205986,0.06369329338705901,0.24403766679662045,-0.3897397970010311,1.2581783678320342,0.9986,0.0834,0.04299872269797255,1.000963707492157,1.003708226750548,0.0,0.4832,2361,3.037281265634576,4.875401563373989,2.451380719932658,140
2,EVELYN68961,925d113,plain,1.0,threshold,0.5,2,0.3190356785927667,0.0,0.0,0.0,-0.10013032526288845,1.5753581322469978,0.8536,0.1124,0.0788751547364119,1.001897968081436,1.0048383007004271,0.0,0.4978,2432,3.1450723058422683,3.6587522176385057,2.318352546562095,81
2,EVELYN68961,925d113,joint,1.0,threshold,0.5,2,0.3190356785927667,0.04564149426897217,-0.04117546787609545,0.13182779176765885,-1.0196309232125795,1.893333734999921,0.8702,0.123,0.09810396253786167,1.0013750126222463,1.0040940504116398,0.0,0.4576,2220,3.062262493677378,4.214091598002788,2.473579625841612,140
2,EVELYN68961,925d113,plain,1.0,threshold,1.0,2,2.5155891741040306,0.0,0.0,0.0,2.2939900821934183,2.6496700289890494,0.5212,0.198,0.21687806198223084,0.9999924826315624,1.004151198787274,0.0,0.5726,2797,3.9892019800361394,4.320645098714115,1.786656364516683,83
2,EVELYN68961,925d113,joint,1.0,threshold,1.0,2,2.5155891741040306,0.1019965165886837,0.013654141214615698,0.1853525976589711,0.04521731374966716,1.3042511209156926,0.9952,0.09,0.050446173689552544,1.0012615496964254,1.003510873009103,0.0,0.5022,2449,3.1839294543010936,5.140575927635418,2.377694193446926,138
2,EVELYN68961,925d113,plain,1.0,effect,0.5,2,0.24822324807961796,0.0,0.0,0.0,-0.20655680572905852,1.6069833840824932,0.8376,0.1118,0.07974581121460961,1.0008472016571477,1.00380815395059,0.0,0.4956,2428,3.179207887053344,3.8577252097522203,2.323413086589455,91
2,EVELYN68961,925d113,joint,1.0,effect,0.5,2,0.24822324807961796,0.04377936305096374,-0.04192334651737376,0.12857110959830828,-1.0705589427436863,1.9140392910954358,0.8514,0.1182,0.08943020133398595,1.0001160326035596,1.0039087256852943,0.0,0.4596,2231,3.082031359002479,4.384691154034646,2.4858046314592674,126
2,EVELYN68961,925d113,plain,1.0,effect,1.0,2,2.251731087524687,0.0,0.0,0.0,1.8921044413610375,2.3109199780086116,0.5922,0.166,0.1613374683234632,1.0001128907152435,1.0040556114373547,0.0,0.5618,2742,3.883781876751263,3.55039434098803,1.9136281304478262,91
2,EVELYN68961,925d113,joint,1.0,effect,1.0,2,2.251731087524687,0.0851674657060041,0.00015249607556073758,0.1721905180922073,0.11604665038168925,1.3138736087914027,0.996,0.0918,0.05080942327890378,1.001573382167327,1.0051325877278159,0.0,0.506,2473,3.273069062490475,5.027973691357527,2.342264553778977,123
2,EVELYN68961,925d113,plain,0.5,none,0.0,3,1.3616980064378499,0.0,0.0,0.0,0.7705992700400027,1.550820435586512,0.8774,0.146,0.14648137441475723,1.0005923546735158,1.0047511247399843,0.0,0.5662,2712,2.345248973438687,2.949400864770807,2.0873115470534556,89
2,EVELYN68961,925d113,joint,0.5,none,0.0,3,1.3616980064378499,0.017896734505938445,-0.09857007580195518,0.13748093769629233,0.37687837740770386,1.4017511691412503,0.9984,0.1276,0.11111254675235055,1.0033281347573095,1.0058023842943626,0.0,0.5366,2580,2.2019197980823773,3.2535426557472795,2.22239956691429,137
2,EVELYN68961,925d113,plain,0.5,linear,0.5,3,1.6604071052843334,0.0,0.0,0.0,1.3586054443985143,2.039336083964768,0.723,0.1862,0.22222705660613393,1.000496195277093,1.0033355291117312,0.0,0.5954,2858,2.9154406704510794,2.960554708921167,1.8468153983395432,92
2,EVELYN68961,925d113,joint,0.5,linear,0.5,3,1.6604071052843334,0.028455551183447718,-0.0981327006886897,0.14980071072724585,0.7269936824122608,1.669550308270759,0.9902,0.1528,0.15847566089631537,1.003924230965028,1.005601511139364,0.0,0.5628,2693,2.6785061565328974,3.129103259409319,2.0704478438067455,149
2,EVELYN68961,925d113,plain,0.5,threshold,0.5,3,1.3224117261834198,0.0,0.0,0.0,1.0019879290318767,1.8128220620898003,0.7976,0.167,0.18383729097272994,1.0008861238184306,1.0039370937694763,0.0,0.5746,2761,2.6708821362078257,2.528570488373137,1.9700151645978699,97
2,EVELYN68961,925d113,joint,0.5,threshold,0.5,3,1.3224117261834198,0.021755979550533034,-0.09940571842746701,0.1506187736854422,0.4840147924174059,1.5776464686564,0.9952,0.1426,0.14008322727337696,1.0005943505495045,1.0036005003405908,0.0,0.549,2627,2.463215242293288,2.603309889130388,2.1441095529606606,165
2,EVELYN68961,925d113,plain,0.5,linear,1.0,3,4.429387450408662,0.0,0.0,0.0,4.113597507128788,4.299810441199122,0.1174,0.3634,0.7008211378942054,1.0006451284367883,1.0036851308917238,0.0,0.6556,3201,4.644119545659352,4.07359758428268,0.8624908584586312,96
2,EVELYN68961,925d113,joint,0.5,linear,1.0,3,4.429387450408662,0.09659960563819585,-0.03760445907865035,0.22705243670651687,1.84616136600667,2.214365083754585,0.9638,0.1918,0.223417626779896,1.0005205385657807,1.0048529445204097,0.0,0.5852,2815,3.287076813034972,4.328960552199486,1.832871826799231,173
2,EVELYN68961,925d113,plain,0.5,threshold,1.0,3,3.5537879706754545,0.0,0.0,0.0,3.2353018663837902,3.4469902080438524,0.2522,0.3118,0.5249656701999532,1.0008608344753136,1.0038074313743623,0.0,0.6384,3073,3.9687316990604113,3.470372077434376,1.1833483857706824,98
2,EVELYN68961,925d113,joint,0.5,threshold,1.0,3,3.5537879706754545,0.06057576280665427,-0.07303034007812666,0.19107613000963342,1.8283087150483852,2.1604864606615735,0.984,0.1952,0.2294910702872141,1.0013787584813483,1.0025828297986936,0.0,0.5906,2841,3.1570466385775493,3.9285752516267483,1.7860278484308727,166
2,EVELYN68961,925d113,plain,0.5,effect,0.5,3,1.4472880449286158,0.0,0.0,0.0,1.1325306624014633,1.8917377417968284,0.7664,0.1744,0.2002443446963129,0.9997706813368407,1.0044323800211123,0.0,0.5876,2820,2.7643423447782633,2.5520879890329153,1.9041232452335637,96
2,EVELYN68961,925d113,joint,0.5,effect,0.5,3,1.4472880449286158,0.015306275681190537,-0.1067391595177904,0.13589373344608296,0.7946547233869482,1.7132478331202174,0.987,0.158,0.1659483069034858,1.0013287950521597,1.0042718315990444,0.0,0.5704,2727,2.657158584246228,3.198389340005893,2.0420863524772983,157
2,EVELYN68961,925d113,plain,1.0,none,0.0,3,1.2114630803308781,0.0,0.0,0.0,0.6364914434068841,1.2318390085358741,0.9602,0.1124,0.08443922955925204,0.9999887420793574,1.0040076020080195,0.0,0.5394,2605,2.3035069730109994,2.135653310497013,2.191437040474248,92
2,EVELYN68961,925d113,joint,1.0,none,0.0,3,1.2114630803308781,0.02332283466664987,-0.0623570216899897,0.11149239527057131,0.17312586026715818,1.0609944555068966,0.999,0.089,0.05680803145306179,1.0022070792129003,1.0045572383211288,0.0,0.5124,2491,2.1646824018219144,2.403519604102332,2.359757397187216,134
2,EVELYN68961,925d113,plain,1.0,linear,0.5,3,1.969770929272677,0.0,0.0,0.0,1.3917478639958119,1.9296740513283144,0.7214,0.1652,0.17589906325539997,0.9998151016388712,1.0047655167312062,0.0,0.5766,2766,3.150145262919022,3.7353494487960286,1.9815599171078653,93
2,EVELYN68961,925d113,joint,1.0,linear,0.5,3,1.969770929272677,0.053419558055883595,-0.03404646671099804,0.14435457678124738,0.283955318738194,1.3373649909702783,0.99,0.1194,0.09637974817189915,1.0031443500776824,1.0046361669048602,0.0,0.522,2552,2.7598246383412524,2.772622085185501,2.2858186109385437,130
2,EVELYN68961,925d113,plain,0.5,effect,1.0,3,3.3442576960212627,0.0,0.0,0.0,2.9796579494900755,3.2613417869436585,0.297,0.2882,0.4623562349976847,1.000160990080644,1.0044028849634479,0.0,0.6304,3072,3.879798843262904,2.9080214999629574,1.313525414322526,95
2,EVELYN68961,925d113,joint,0.5,effect,1.0,3,3.3442576960212627,0.04509545020485288,-0.0825021076050722,0.17224897467785574,1.9446383074922615,2.3355770090553394,0.9368,0.204,0.2555034292717828,1.0048125641292716,1.0049122087804134,0.0,0.6022,2889,3.304049083159431,3.214636291967435,1.733779372405073,153
2,EVELYN68961,925d113,plain,1.0,linear,1.0,3,4.046371794040764,0.0,0.0,0.0,3.9728304640827985,4.1415549714402955,0.1184,0.3488,0.6372084405477795,1.0012316342744032,1.0036833394083473,0.0,0.639,3136,4.556806243640111,4.941758316506265,0.9574251131353702,94
2,EVELYN68961,925d113,joint,1.0,linear,1.0,3,4.046371794040764,0.13764055409263762,0.040279879195458376,0.2355947390226865,0.9869064104265586,1.4783667727721084,0.9868,0.1276,0.10921651589979452,1.0002820973520827,1.003539260584497,0.0,0.549,2688,2.8706258460408627,5.147491214248355,2.074044011939297,130
2,EVELYN68961,925d113,plain,1.0,threshold,0.5,3,1.67983410674025,0.0,0.0,0.0,1.1210878702610472,1.6993391109489,0.803,0.1498,0.14602338360797862,1.0002566668515909,1.0047822595307974,0.0,0.566,2719,2.9489958516887906,3.7475940854895016,2.0688672441685076,87
2,EVELYN68961,925d113,joint,1.0,threshold,0.5,3,1.67983410674025,0.03916795177451961,-0.051105788114022006,0.12734313685055113,0.33236651428403063,1.3078253505312376,0.9926,0.1184,0.09620432615073855,1.002584335104261,1.0059632798329146,0.0,0.5278,2573,2.6662433735625197,2.926923627496069,2.272392515748982,137
2,EVELYN68961,925d113,plain,1.0,threshold,1.0,3,3.315526151199803,0.0,0.0,0.0,3.287493140329958,3.498273258279912,0.2358,0.3154,0.5305806525874556,1.0002058483796397,1.004483076885179,0.0,0.6252,3071,4.017779648566115,4.738183595873128,1.1503533315446577,84
2,EVELYN68961,925d113,joint,1.0,threshold,1.0,3,3.315526151199803,0.09964823719745876,0.007243123495800958,0.1950162750187829,1.1341252743257504,1.607013083126201,0.9782,0.142,0.13285728076517403,1.0015447888878055,1.004386720074056,0.0,0.5598,2732,2.8170266232150665,4.827722498454465,2.01414495980246,140
2,EVELYN68961,925d113,plain,1.0,effect,0.5,3,1.7482264282612725,0.0,0.0,0.0,1.1647683804860796,1.7319069342119018,0.7774,0.1512,0.15213472583209636,1.0003341703705113,1.0033615312636261,0.0,0.5686,2731,2.9784076649845415,3.8004697353669683,2.0387144680033766,86
2,EVELYN68961,925d113,joint,1.0,effect,0.5,3,1.7482264282612725,0.03148717280516084,-0.05388031608961253,0.12006149862526055,0.5229325733546141,1.3651577347302664,0.9844,0.1214,0.1013865110901576,1.0015921946715978,1.0072391164595174,0.0,0.5384,2613,2.766556671839508,3.1350366932324043,2.239688717234074,141
2,EVELYN68961,925d113,plain,1.0,effect,1.0,3,3.034357229870876,0.0,0.0,0.0,2.9166947584123135,3.1453167985152346,0.303,0.2826,0.4374423624660529,1.000135479313304,1.0056706594528513,0.0,0.618,3025,3.8015530502242116,4.217347889487913,1.322431820672304,86
2,EVELYN68961,925d113,joint,1.0,effect,1.0,3,3.034357229870876,0.06633414069234968,-0.025950958920411476,0.1576983411371512,1.5392528996553305,1.9141980776098617,0.9146,0.1706,0.18236612626263937,1.000441524920586,1.003003410007098,0.0,0.5808,2825,3.012223995709894,4.384744137270493,1.877079373121722,138
2,EVELYN68961,925d113,plain,0.5,none,0.0,4,1.2937540004674992,0.0,0.0,0.0,1.2934899235191417,1.9262538674131167,0.768,0.1662,0.1936334863206291,1.0001125057478724,1.0051369904608909,0.0,0.57,2734,2.977243997992494,3.2998358690094873,1.8934013821465967,95
2,EVELYN68961,925d113,joint,0.5,none,0.0,4,1.2937540004674992,-0.07482083175282284,-0.19705259307074444,0.05496061379693433,2.9609549375402047,3.3095793013992845,0.711,0.31,0.5307024267227857,1.0011273878857656,1.00350223120139,0.0,0.6534,3151,3.8104383010963767,2.488900062250297,1.1414135995180925,153
2,EVELYN68961,925d113,plain,0.5,linear,0.5,4,2.3996918565029097,0.0,0.0,0.0,2.547014083054785,2.9500078211051015,0.4338,0.3234,0.5585168550452247,1.001143659782623,1.0031658859335237,0.0,0.65,3160,3.1099024330777127,2.2034950829330477,1.0953536048292634,91
2,EVELYN68961,925d113,joint,0.5,linear,0.5,4,2.3996918565029097,-0.03818151013416955,-0.18388513402909765,0.10202323698118389,3.419597046785118,3.731606689861672,0.6496,0.3978,0.8171129124406125,1.0023512065565034,1.0040323926551946,0.0,0.6864,3370,3.677412589112662,2.243261117265014,0.6180650878547126,160
2,EVELYN68961,925d113,plain,0.5,threshold,0.5,4,2.1364851933150386,0.0,0.0,0.0,2.248812999029751,2.689880306139496,0.5028,0.2826,0.45057534066541366,1.0002555189754632,1.0057238446741776,0.0,0.6336,3065,2.9867086498357756,2.543856209340595,1.2991057517953861,91
2,EVELYN68961,925d113,joint,0.5,threshold,0.5,4,2.1364851933150386,-0.054661412059979965,-0.18915774702079927,0.08140704073034796,3.496879192132902,3.8086247411019793,0.5902,0.3964,0.8164446277499412,1.0022382032562804,1.004080601639449,0.0,0.6886,3380,3.771892653176968,2.133759657078971,0.6301450409070406,161
2,EVELYN68961,925d113,plain,0.5,linear,1.0,4,4.393060259720557,0.0,0.0,0.0,4.957138456208454,5.139129025651202,0.0486,0.4824,1.2188760339345368,1.000891712577545,1.0043819999093198,0.0,0.7064,3481,4.9144627679323865,4.702685817227329,0.06998340647522819,90
2,EVELYN68961,925d113,joint,0.5,linear,1.0,4,4.393060259720557,0.014971561290938653,-0.15170732967894032,0.18241826417111145,4.609238115599267,4.800741004069276,0.5066,0.4714,1.1533836891804774,1.0049475097335787,1.0062775235915749,0.0,0.7022,3458,4.601926033329974,5.317741112730612,0.16688457981347776,191
2,EVELYN68961,925d113,plain,0.5,threshold,1.0,4,3.485126789505516,0.0,0.0,0.0,3.9958137971435495,4.264863301241513,0.149,0.4204,0.9227801354599584,1.0001845921208596,1.0049554565886425,0.0,0.6828,3363,4.203092983614481,3.7050650036136843,0.5126766567685356,92
2,EVELYN68961,925d113,joint,0.5,threshold,1.0,4,3.485126789505516,-0.024910686041167186,-0.1755289076023131,0.12006283225950232,4.594595339465941,4.832034302484359,0.3754,0.4542,1.075105437491904,1.0007248928640005,1.003786914498946,0.0,0.697,3430,4.684057151125138,4.404475791336852,0.292629773873551,157
2,EVELYN68961,925d113,plain,0.5,effect,0.5,4,2.116909233315137,0.0,0.0,0.0,2.2448481316316484,2.8001566004931857,0.4952,0.2874,0.4849644830916007,1.0010982184116572,1.004322427428463,0.0,0.6408,3115,2.941034035033384,2.4854088046989267,1.230812127043561,95
2,EVELYN68961,925d113,joint,0.5,effect,0.5,4,2.116909233315137,-0.05364440025884973,-0.18686569959377453,0.08139895978399246,3.4328461211945296,3.8269346743795474,0.5678,0.3968,0.8370399588062301,1.001395012501593,1.0049047097726167,0.0,0.6902,3382,3.714316482413323,1.9359687440275468,0.6047453385771698,140
2,EVELYN68961,925d113,plain,1.0,none,0.0,4,1.7611493648142473,0.0,0.0,0.0,1.5613568079779347,2.1142160179407923,0.7066,0.1694,0.19292852462777652,1.000329240761488,1.0036726020302196,0.0,0.5562,2715,3.1534472423862323,3.5945787122056796,1.8643375000018974,97
2,EVELYN68961,925d113,joint,1.0,none,0.0,4,1.7611493648142473,-0.04168098894859236,-0.13157515693658065,0.0479593874063026,2.3778379793719564,2.773190739421442,0.6638,0.2404,0.3388175349900236,1.0006558588967027,1.0044439992517862,0.0,0.5972,2892,3.54594836940183,2.932103748036978,1.523699013394371,115
2,EVELYN68961,925d113,plain,0.5,effect,1.0,4,3.2896048147774706,0.0,0.0,0.0,3.784769350493537,4.131646906787254,0.1906,0.4218,0.9502781672151075,1.00018531069921,1.0042648885317145,0.0,0.6926,3409,3.9488778356285867,3.439872160956139,0.4683134847008532,93
2,EVELYN68961,925d113,joint,0.5,effect,1.0,4,3.2896048147774706,-0.04602754934929963,-0.18383391204980046,0.09708338335488181,4.84782189905311,5.1285919872839845,0.2936,0.4772,1.2060138498761328,1.0017188910294346,1.004904116270778,0.0,0.7068,3484,4.872249053957774,3.737051684928003,0.08715094173414266,148
2,EVELYN68961,925d113,plain,1.0,linear,0.5,4,1.9281586677425113,0.0,0.0,0.0,2.131723353982252,2.579272182348181,0.5542,0.2714,0.43359210706644574,1.0001883931504012,1.0056907123918064,0.0,0.5998,2947,2.8848142081593426,3.140763501007136,1.3535540241375439,74
2,EVELYN68961,925d113,joint,1.0,linear,0.5,4,1.9281586677425113,0.001302376895291718,-0.09468924850238027,0.09724650537172355,2.1088939312385264,2.567186593542303,0.7288,0.2688,0.4284019664944405,1.0004366767242487,1.004008667627922,0.0,0.5976,2934,2.875494062511248,3.0890826467191737,1.365521006619862,142
2,EVELYN68961,925d113,plain,1.0,linear,1.0,4,4.381117611638081,0.0,0.0,0.0,4.715468697260807,4.850265650477416,0.024,0.4512,1.033207572759787,1.0009988907178458,1.0038744665846673,0.0,0.6736,3340,4.761863188993464,4.521816611939919,0.3170615537678738,75
2,EVELYN68961,925d113,joint,1.0,linear,1.0,4,4.381117611638081,0.09372130499505282,-0.01590249385682084,0.19809548163357063,2.6544278996940625,2.8970975630047766,0.7284,0.3024,0.46934823550578514,1.0032531770456128,1.0033301645529484,0.0,0.6092,3011,3.316190681746045,5.372561658332938,1.294460767654913,143
2,EVELYN68961,925d113,plain,1.0,threshold,0.5,4,1.7202798921515163,0.0,0.0,0.0,1.8521466705827723,2.3956435667574882,0.6118,0.2408,0.36934316313815085,1.0024272732502542,1.0043395386203269,0.0,0.5824,2849,2.7331617136651998,2.735749013896511,1.5102802632874486,81
2,EVELYN68961,925d113,joint,1.0,threshold,0.5,4,1.7202798921515163,-0.019912826307705033,-0.11516822632717834,0.075510957405491,2.2677535664094175,2.7227969473629443,0.6952,0.2874,0.4767353634883757,1.0020234334708193,1.0045912508308543,0.0,0.6062,2976,2.9535696748179268,2.624300479629702,1.2652034606793265,143
2,EVELYN68961,925d113,plain,1.0,threshold,1.0,4,3.600476750331642,0.0,0.0,0.0,3.8700279394027612,4.104350346075108,0.1236,0.3912,0.7743625035579634,1.0000323861269476,1.0053803327984119,0.0,0.6508,3220,4.1643196109603755,4.71020845490133,0.7434592790369591,82
2,EVELYN68961,925d113,joint,1.0,threshold,1.0,4,3.600476750331642,0.03844774496824679,-0.0649987388514473,0.14466872279390605,3.0169321235105766,3.314301586605727,0.5912,0.3206,0.535638573910395,1.0012669993559895,1.0032283616016424,0.0,0.6206,3067,3.6130781926813453,4.077293474672972,1.155167901876021,139
2,EVELYN68961,925d113,plain,1.0,effect,1.0,4,3.3250418961633836,0.0,0.0,0.0,3.6009138445012674,3.8547403810000764,0.1546,0.3774,0.7249661062863897,1.0004898118792753,1.0057291708147942,0.0,0.6506,3220,3.944512865463311,4.767820898212771,0.8060468701237934,90
2,EVELYN68961,925d113,joint,1.0,effect,1.0,4,3.3250418961633836,0.005046251126452643,-0.09526295450771399,0.10802992943894252,3.4870662680539386,3.750317822908777,0.3932,0.3714,0.7041159799740951,1.0029211624191674,1.0039262423154454,0.0,0.6486,3206,3.85564582853153,4.87601098031365,0.8405753371962164,130
2,EVELYN68961,925d113,plain,1.0,effect,0.5,4,1.6876868174661772,0.0,0.0,0.0,1.8629805532833097,2.4302600695005494,0.6038,0.2444,0.3736797068316995,1.0004667547431565,1.0043153224524197,0.0,0.5884,2879,2.7684770745343306,2.8313625806907914,1.510593305099064,94
2,EVELYN68961,925d113,joint,1.0,effect,0.5,4,1.6876868174661772,-0.022871768433387812,-0.1171211685837719,0.07132087324296867,2.33642113238209,2.8124806310564443,0.663,0.2956,0.5038871808386679,1.001620738479243,1.0051772799628864,0.0,0.614,3008,3.0081607672051636,2.911608103998162,1.2189347339132488,131
2,EVELYN68961,925d113,plain,0.5,none,0.0,5,0.9506989906219356,0.0,0.0,0.0,0.23861024391384233,1.4610002617283144,0.8702,0.1286,0.10330304012693141,1.0005096874885822,1.003802739181739,0.0,0.4746,2311,1.8761595744344999,1.6617418521371425,2.4573871024793306,92
2,EVELYN68961,925d113,joint,0.5,none,0.0,5,0.9506989906219356,-0.030427502085163136,-0.15645180370507655,0.09060619968849579,0.9009517467385456,1.69427014535271,0.9708,0.143,0.14014443793784295,0.9997939384603017,1.0023803346920646,0.0,0.531,2576,2.048158619480723,1.5407619245650017,2.1557748760475177,146
2,EVELYN68961,925d113,plain,0.5,linear,0.5,5,1.2464079446782463,0.0,0.0,0.0,0.9237656273611783,1.3896617022781963,0.918,0.122,0.09888010865263677,1.0003011798460446,1.0042231560927162,0.0,0.5384,2603,2.6912169144880838,3.260595267401474,2.24108831956836,95
2,EVELYN68961,925d113,joint,0.5,linear,0.5,5,1.2464079446782463,-0.0344493527416693,-0.16013224042573596,0.08839730241812475,1.6860747698843461,1.9874940866999773,0.9722,0.1818,0.19725837169515276,1.0024361744678543,1.0048980824276166,0.0,0.5818,2812,2.948761835933112,2.102465811860802,1.9036296198411893,147
2,EVELYN68961,925d113,plain,0.5,threshold,0.5,5,0.8782049709720496,0.0,0.0,0.0,0.5127290951956881,1.118246204078344,0.9728,0.0938,0.06467557788176456,0.9999636598455267,1.0048527611954732,0.0,0.5066,2472,2.587984056482623,2.952608587159765,2.4126869268167455,92
2,EVELYN68961,925d113,joint,0.5,threshold,0.5,5,0.8782049709720496,-0.03483482549361682,-0.15643254878533575,0.09002294350712411,1.2943480775797713,1.6187000619989087,0.994,0.1426,0.1300645476553505,1.0013153680399045,1.0022670384637329,0.0,0.561,2716,2.779912323601037,2.470996218877248,2.0731708496241996,162
2,EVELYN68961,925d113,plain,0.5,linear,1.0,5,4.1293795413115735,0.0,0.0,0.0,4.177458231727884,4.310843138361767,0.067,0.4124,0.8864836139770076,1.000504601536912,1.003380143364669,0.0,0.6712,3291,4.3893265505940064,4.330561957318891,0.5702691915995148,91
2,EVELYN68961,925d113,joint,0.5,linear,1.0,5,4.1293795413115735,0.036295069817650176,-0.09598060438778316,0.17316225797949458,3.3473747990033114,3.5134313561596526,0.6994,0.35,0.6460077868628139,1.0017955857620808,1.0059170336762597,0.0,0.642,3143,3.8203743201332494,4.266316870407067,0.9580240106782726,172
2,EVELYN68961,925d113,plain,0.5,effect,0.5,5,0.9393577352185591,0.0,0.0,0.0,0.6059594651652351,1.1967842243252396,0.9666,0.1016,0.07265788398489756,1.0003195373093938,1.0037856501208364,0.0,0.5164,2512,2.6700967802254914,2.6564594813612614,2.36482122569444,91
2,EVELYN68961,925d113,joint,0.5,effect,0.5,5,0.9393577352185591,-0.05216440882014367,-0.1754095962322778,0.07220541451932332,1.7557126819927162,2.0358564818619347,0.9784,0.187,0.20355432915451163,1.001431789341765,1.00342854858602,0.0,0.5882,2841,3.0208301370324286,1.9599141411478265,1.8724448168743981,157
2,EVELYN68961,925d113,plain,0.5,threshold,1.0,5,3.2459783274250853,0.0,0.0,0.0,3.277691579624084,3.497857106807002,0.2368,0.3446,0.6383422512867647,1.001408542284452,1.0045120554657043,0.0,0.6442,3146,3.7894705091859517,3.870495423057264,0.9884762320171006,93
2,EVELYN68961,925d113,joint,0.5,threshold,1.0,5,3.2459783274250853,0.027022950645043547,-0.10387266442563602,0.15862306524650013,2.6691992604247803,2.9345561788087413,0.8268,0.293,0.4733888669893784,1.0015713413558842,1.0034201172370967,0.0,0.6202,3036,3.4091045763595402,4.19972397264016,1.2736559117919624,164
2,EVELYN68961,925d113,plain,1.0,none,0.0,5,1.340575733352516,0.0,0.0,0.0,0.9080150862804922,1.8451182118332374,0.7768,0.1662,0.17421011326814922,0.9999831670528506,1.0071463286700908,0.0,0.516,2514,2.5916727595814915,2.832324322920044,2.087264653034089,85
2,EVELYN68961,925d113,joint,1.0,none,0.0,5,1.340575733352516,-0.02709703580659915,-0.11655332104591502,0.0631145190075011,1.4452355789141569,2.158589158413755,0.8124,0.1892,0.22994825832661817,1.0012341073863267,1.0045923313436818,0.0,0.5542,2700,2.750416353237704,1.8368196603143048,1.8680532035902915,139
2,EVELYN68961,925d113,plain,0.5,effect,1.0,5,2.957019907428961,0.0,0.0,0.0,2.9746147619316363,3.1731850597379996,0.2654,0.3114,0.5194146340544193,1.0000061300621046,1.0058640607590752,0.0,0.6346,3102,3.6509290321686736,3.974075812429484,1.1667919670479892,83
2,EVELYN68961,925d113,joint,0.5,effect,1.0,5,2.957019907428961,-0.011526296336433955,-0.13957907138404246,0.11248592991027011,3.2152637398006716,3.403235001855532,0.6434,0.3338,0.5905979396987956,1.0016619324184888,1.004461865135581,0.0,0.643,3141,3.8005409818511824,3.6579598206978976,1.0477202812554254,154
2,EVELYN68961,925d113,plain,1.0,linear,0.5,5,2.264279205755509,0.0,0.0,0.0,1.8911127190788095,2.540909163277708,0.5984,0.2446,0.37493020455618914,1.0009986840739553,1.004592171530386,0.0,0.5888,2874,2.726375192866845,2.32607513259136,1.497840155444731,88
2,EVELYN68961,925d113,joint,1.0,linear,0.5,5,2.264279205755509,0.011257258490370998,-0.07676201028172809,0.10079703842755318,1.6693197967385773,2.380226450893497,0.764,0.2304,0.3290569595450323,1.0005543962181835,1.0053107778495094,0.0,0.5726,2792,2.6625364856108704,1.9351483886403749,1.626649163978533,140
2,EVELYN68961,925d113,plain,1.0,linear,1.0,5,4.4516109577063805,0.0,0.0,0.0,4.335164196576105,4.5020011378575795,0.0626,0.4374,1.0068323103876449,0.9998546278654019,1.0033089881136497,0.0,0.669,3281,4.429101242400337,4.3145652399148355,0.4081972368035305,88
2,EVELYN68961,925d113,joint,1.0,linear,1.0,5,4.4516109577063805,0.10027158398045026,0.00848809587688762,0.1968034355865739,2.195100922062791,2.516663330102486,0.768,0.253,0.359455496763658,1.001624001872559,1.0038888866991644,0.0,0.5982,2934,2.962083927006483,3.9016169970310672,1.5229593743949594,141
2,EVELYN68961,925d113,plain,1.0,threshold,0.5,5,1.952396756581459,0.0,0.0,0.0,1.5399108579563696,2.2859322092917567,0.6644,0.2212,0.3035688190506385,1.000305408530021,1.0041865530311376,0.0,0.5638,2751,2.5905460527301267,2.1931073373808627,1.7115440870143996,92
2,EVELYN68961,925d113,joint,1.0,threshold,0.5,5,1.952396756581459,-0.0006302550735384119,-0.09467021789487148,0.09177913772224701,1.5722496257812502,2.308864663949028,0.779,0.224,0.3107599723053411,1.0024603023826402,1.005898691361683,0.0,0.5674,2770,2.5915446822998964,1.9224630176872977,1.683673683753422,129
2,EVELYN68961,925d113,plain,1.0,threshold,1.0,5,3.523604155245504,0.0,0.0,0.0,3.3849878348103775,3.602464130397294,0.2094,0.3714,0.7248111840409271,1.000364266554759,1.0038866226689394,0.0,0.6458,3177,3.682919443406193,4.21881327085779,0.8275200765702195,92
2,EVELYN68961,925d113,joint,1.0,threshold,1.0,5,3.523604155245504,0.07035429423024973,-0.02098956396887805,0.16517125669217814,1.888524759985155,2.2525487654200673,0.8272,0.2228,0.28835113071388885,1.000883716902263,1.004869341762656,0.0,0.586,2862,2.7974716728455937,2.91462286281723,1.6894469915415744,127
2,EVELYN68961,925d113,plain,1.0,effect,1.0,5,3.3908539128629673,0.0,0.0,0.0,3.2292476034121016,3.4339462300374466,0.2092,0.3386,0.6013324137261034,0.9997443860584128,1.0043938615115584,0.0,0.6414,3148,3.683321255020556,3.254729461120399,1.029930851814764,90
2,EVELYN68961,925d113,joint,1.0,effect,1.0,5,3.3908539128629673,0.023350020642962228,-0.07112782961731859,0.11638195025140838,2.7621970763785693,2.995908798191845,0.569,0.3016,0.48194980627368134,0.9998411460481327,1.00438352146686,0.0,0.626,3077,3.38651018091311,3.3749313687401337,1.2664096807674483,129
2,EVELYN68961,925d113,plain,1.0,effect,0.5,5,1.9886743402556384,0.0,0.0,0.0,1.598715927069017,2.305991486203308,0.6528,0.2222,0.30459898522325457,1.0000893753090998,1.0036917045328348,0.0,0.5716,2783,2.636136313323595,2.2615711872540545,1.6714582780199085,94
2,EVELYN68961,925d113,joint,1.0,effect,0.5,5,1.9886743402556384,-0.017944864689187122,-0.10801876062424688,0.0728900536795125,1.9477430382229426,2.5640757794257953,0.7234,0.2488,0.38409162537145874,0.9999236323203273,1.0033842792457714,0.0,0.5966,2909,2.7794646741270976,2.359070558443174,1.4759709759727195,129
2,EVELYN68961,925d113,plain,0.5,none,0.0,6,0.005235719579978926,0.0,0.0,0.0,-0.29292175816160837,1.009294022204417,0.9892,0.0902,0.05656820105872559,1.0004786027024577,1.0046288468143028,0.0,0.5,2448,2.5422733138503975,2.6415906020619446,2.3933646872150693,95
2,EVELYN68961,925d113,joint,0.5,none,0.0,6,0.005235719579978926,0.0034719963519746076,-0.1322272153563218,0.13694115917218372,-0.37628027317942747,1.022957704789519,1.0,0.0876,0.05433250108288829,1.0021506625134067,1.0048465397486717,0.0,0.4962,2430,2.5249403815328306,2.8782348540956395,2.4241973587871484,156
2,EVELYN68961,925d113,plain,0.5,linear,0.5,6,1.5102313208849538,0.0,0.0,0.0,1.4423385250240304,1.7949183758392235,0.752,0.1538,0.149732101139871,1.0011628829939847,1.004960074424634,0.0,0.561,2726,3.1880973651648126,3.191964774654405,1.9658005191180639,98
2,EVELYN68961,925d113,joint,0.5,linear,0.5,6,1.5102313208849538,0.03576238237660373,-0.1026930136099668,0.16485752944227758,0.6350302075014027,1.2646303892268203,0.9992,0.123,0.09641238300420382,1.0026058026371232,1.0035303967329492,0.0,0.5326,2587,2.8271967143610484,2.7136825198210026,2.144067065452523,159
2,EVELYN68961,925d113,plain,0.5,threshold,0.5,6,1.2968317563247784,0.0,0.0,0.0,1.1982413400698708,1.6008290756905796,0.8168,0.1416,0.12613309272248008,1.0007274172728264,1.0042482921582556,0.0,0.5552,2691,3.084555017653728,2.9730254076603932,2.0103786407388906,97
2,EVELYN68961,925d113,joint,0.5,threshold,0.5,6,1.2968317563247784,0.010050998914785576,-0.13297528628947142,0.14240614298681967,0.9819404934579584,1.446539755724004,0.9982,0.1326,0.11110598281085073,1.0042456045514072,1.0061933148426672,0.0,0.5446,2641,2.9944936954827117,2.7876472736588305,2.0688180637103204,159
2,EVELYN68961,925d113,plain,0.5,linear,1.0,6,4.33109068567552,0.0,0.0,0.0,4.284729069552692,4.370233384628739,0.0474,0.3664,0.693472278917101,1.0009663376762266,1.0060766966387231,0.0,0.6492,3167,4.893794351324779,5.71701522657601,0.911920766138838,95
2,EVELYN68961,925d113,joint,0.5,linear,1.0,6,4.33109068567552,0.07655247382953387,-0.06533450925755471,0.21261931704987005,2.511765887978362,2.6342222916268088,0.9922,0.2332,0.28771028345733646,1.0014624388323905,1.0031988239075234,0.0,0.606,2937,3.7133154064933067,5.100849473803795,1.6411098628332472,165
2,EVELYN68961,925d113,plain,0.5,threshold,1.0,6,3.5511448727881647,0.0,0.0,0.0,3.497641314332752,3.6936163993012374,0.206,0.3028,0.49254040701096446,0.999729954696411,1.0046947660488674,0.0,0.6348,3088,4.414478621589204,4.502454214970626,1.2498515548052984,92
2,EVELYN68961,925d113,joint,0.5,threshold,1.0,6,3.5511448727881647,0.028953144054149286,-0.10976012610930147,0.1622403468020786,2.830873594144755,3.0597113187147396,0.8434,0.2566,0.366064184108859,1.0010451626745975,1.0034772682566167,0.0,0.6194,2999,3.9951670849409155,4.930171035724729,1.4954637025607398,140
2,EVELYN68961,925d113,plain,0.5,effect,0.5,6,1.2145002948193935,0.0,0.0,0.0,1.1238481348910252,1.5464870122753476,0.8342,0.1412,0.12596746992847474,1.0010476292168455,1.0044170987878596,0.0,0.5564,2689,3.0322734781904863,2.2499812025310266,2.0150365138269493,93
2,EVELYN68961,925d113,joint,0.5,effect,0.5,6,1.2145002948193935,0.020403761930999707,-0.11864023065658191,0.1507507734042859,0.6659713204308615,1.255557490284163,0.9998,0.1262,0.10133552903685387,1.0015601536557797,1.0039862990963084,0.0,0.5374,2596,2.8433355749766576,2.6895651942882974,2.1297449453549397,141
2,EVELYN68961,925d113,plain,1.0,none,0.0,6,0.2012462909835303,0.0,0.0,0.0,0.08841448892335028,0.9026831346070128,0.9996,0.1046,0.06149584118490252,1.0016956849037628,1.0051543367174185,0.0,0.5218,2564,2.550614068181649,2.4109439645941912,2.335971766946158,85
2,EVELYN68961,925d113,joint,1.0,none,0.0,6,0.2012462909835303,-0.006121428930103012,-0.1033553464084614,0.0844844742645522,0.19581625668697875,0.9163849900620267,1.0,0.1112,0.06860689216808949,0.9996666641118203,1.005487561322314,0.0,0.5268,2585,2.611851415255951,2.338207648048742,2.3159668274555854,128
2,EVELYN68961,925d113,plain,0.5,effect,1.0,6,3.095997135901172,0.0,0.0,0.0,2.971350630221652,3.250261504345662,0.2994,0.266,0.4013563865630812,1.000175018055405,1.0061965113525726,0.0,0.626,3035,4.062547435339497,4.1682272071997915,1.4329931133636142,85
2,EVELYN68961,925d113,joint,0.5,effect,1.0,6,3.095997135901172,0.03205053637012752,-0.09986001430015295,0.1615743665153802,2.2637840061675254,2.600069988940655,0.8946,0.2128,0.2739777911131339,1.0006706441206104,1.001917270984805,0.0,0.6072,2913,3.6990664909335176,4.17993230712702,1.713122779106842,141
2,EVELYN68961,925d113,plain,1.0,linear,0.5,6,1.3058393826956398,0.0,0.0,0.0,1.2133910592549104,1.6266933895099607,0.8026,0.1576,0.1621127088272275,0.9998937284957193,1.0045129897815692,0.0,0.5628,2738,3.1101695168476176,2.4358741720324026,1.9590961217479455,82
2,EVELYN68961,925d113,joint,1.0,linear,0.5,6,1.3058393826956398,0.038564380410377616,-0.056680030191321444,0.13347962940186348,0.4389900317100362,1.181373179520165,1.0,0.1472,0.12397373851432307,1.001581758726684,1.00436591092008,0.0,0.5396,2632,2.78427641213351,2.8155257256474298,2.108806917397027,139
2,EVELYN68961,925d113,plain,1.0,linear,1.0,6,4.172482221263113,0.0,0.0,0.0,4.217777803553793,4.344067502602343,0.0786,0.3688,0.7094732367075001,1.001261647742967,1.0052421209413276,0.0,0.644,3144,4.694604867828275,5.15627287486955,0.8796636529888917,79
2,EVELYN68961,925d113,joint,1.0,linear,1.0,6,4.172482221263113,0.13595783560704233,0.038194151509056244,0.23386035945195638,1.3314975766124562,1.6253660433826191,0.9904,0.1516,0.15136027630297885,1.0003616954499064,1.0030268373259432,0.0,0.566,2742,3.065854630704293,4.508935040737531,1.9999134365943254,141
2,EVELYN68961,925d113,plain,1.0,threshold,0.5,6,1.0193037182090863,0.0,0.0,0.0,0.9249186743203183,1.42284749959311,0.8774,0.152,0.14306994710130821,1.0016113134770313,1.0032924155857206,0.0,0.5548,2692,3.0674803106359776,2.413538782476647,2.022385214403982,80
2,EVELYN68961,925d113,joint,1.0,threshold,0.5,6,1.0193037182090863,0.01325660283360039,-0.0859424440487112,0.10964199575645205,0.6798660264986509,1.2740130474874944,1.0,0.1498,0.13234960526075681,1.0008689454676776,1.0045762657104722,0.0,0.5478,2658,2.954604945103202,2.9372792114567896,2.074818119496941,139
2,EVELYN68961,925d113,plain,1.0,threshold,1.0,6,3.3261120225611376,0.0,0.0,0.0,3.3560368014326936,3.6108858161864164,0.2248,0.2906,0.4691146850380853,1.0014220571700823,1.004410819277381,0.0,0.6242,3058,4.215900144442791,4.224874157156074,1.294784959994802,84
2,EVELYN68961,925d113,joint,1.0,threshold,1.0,6,3.3261120225611376,0.07449958717596679,-0.017624598094353575,0.171090421363563,1.7858855647649214,2.186345636432067,0.8602,0.1828,0.20873035448398586,1.0013476666083365,1.0040860827530036,0.0,0.5836,2809,3.4431958929798823,4.136066853800824,1.8824291564552413,139
2,EVELYN68961,925d113,plain,1.0,effect,0.5,6,0.9972807922447394,0.0,0.0,0.0,0.891709075873048,1.4501304362903145,0.863,0.1586,0.15405289049043638,1.000063773540762,1.0054434836847186,0.0,0.557,2698,2.9910803860790938,2.616850635440649,1.9962699586172639,85
2,EVELYN68961,925d113,joint,1.0,effect,0.5,6,0.9972807922447394,0.01785832391365998,-0.07672868633460031,0.11174017734806228,0.5199162498851311,1.2483261254273361,0.9992,0.1538,0.13929644632383548,1.000868826410524,1.0054890630118987,0.0,0.5442,2653,2.846708040726051,2.7465542875240896,2.075434306708645,127
2,EVELYN68961,925d113,plain,1.0,effect,1.0,6,2.9681931480886328,0.0,0.0,0.0,2.950245640064801,3.2286611399046725,0.293,0.2692,0.41746637884142385,1.000746674335018,1.0043636885629301,0.0,0.6176,3018,3.894934931233956,3.430209623067365,1.411774860237736,85
2,EVELYN68961,925d113,joint,1.0,effect,1.0,6,2.9681931480886328,0.06598117261374972,-0.029184138633982577,0.15868406620192232,1.6070879628772463,2.035882966806725,0.8746,0.177,0.20359010562965996,1.0004485190172034,1.0033461203322838,0.0,0.583,2801,3.229334310982938,3.8862048216741023,1.8857341943306076,126
2,EVELYN68961,925d113,plain,0.5,none,0.0,7,0.7022523979017582,0.0,0.0,0.0,0.3126467370023961,1.2876774822662513,0.9588,0.1244,0.10029374378504408,1.0005702344948328,1.0042584598865554,0.0,0.5366,2588,2.4521230934809473,1.461607149950463,2.1180621397706725,87
2,EVELYN68961,925d113,joint,0.5,none,0.0,7,0.7022523979017582,0.07063176237507492,-0.055130959540124376,0.1988385462793913,-1.268736548568632,1.761645367207066,0.9788,0.1618,0.1676520546391017,1.0024157084856136,1.0033469813389686,0.0,0.4296,2068,2.2856270954868414,2.5692879839607343,2.4927408523001318,145
2,EVELYN68961,925d113,plain,0.5,linear,0.5,7,1.7679580448298529,0.0,0.0,0.0,1.4223549722018243,1.7499914616602372,0.7848,0.1598,0.1548235267445633,1.0010581418582227,1.0054313868737828,0.0,0.5676,2751,2.894899352472698,2.7270515187657733,1.906172584878676,85
2,EVELYN68961,925d113,joint,0.5,linear,0.5,7,1.7679580448298529,0.08312944296197813,-0.05133708687308482,0.20916631446694683,-0.45187795293827326,1.1156415045837342,1.0,0.1012,0.07072684391636222,1.0031734713769516,1.00486058468024,0.0,0.4686,2283,2.3021735875001648,3.1499030746640053,2.439779625610505,149
2,EVELYN68961,925d113,plain,0.5,threshold,0.5,7,1.4945466976412396,0.0,0.0,0.0,1.1332620437939198,1.5212512082622367,0.8818,0.1382,0.12045130519190503,1.0002990597679657,1.004305838711541,0.0,0.5564,2702,2.7925458118058986,2.759423431306189,2.007932544654352,94
2,EVELYN68961,925d113,joint,0.5,threshold,0.5,7,1.4945466976412396,0.07186463362693596,-0.05538671538073659,0.1987606756758909,-0.49058961188367056,1.1235038914206914,1.0,0.1022,0.07419461333679012,1.001316089941227,1.0036995329783518,0.0,0.4704,2295,2.3080185822355124,3.2742676314016195,2.429953931059143,146
2,EVELYN68961,925d113,plain,0.5,linear,1.0,7,4.247312306263265,0.0,0.0,0.0,4.122506657833971,4.307696988291916,0.1156,0.3728,0.7422509779815939,0.9998985895156087,1.004504127890803,0.0,0.6326,3112,4.582996189379198,5.71053085870253,0.7672825005400359,94
2,EVELYN68961,925d113,joint,0.5,linear,1.0,7,4.247312306263265,0.15295854017083002,0.01269660912955126,0.2822848981214903,0.5100383936721137,1.4679531458591033,0.9964,0.1256,0.11086250001462915,1.0015770880106485,1.0037343972639663,0.0,0.4842,2367,2.710246121962211,4.992524360274665,2.274647548908234,159
2,EVELYN68961,925d113,plain,0.5,threshold,1.0,7,3.4142719158985004,0.0,0.0,0.0,3.269689456316198,3.499672170772701,0.2536,0.3082,0.5149530312821472,1.0020332693170475,1.0052077877519836,0.0,0.61,2986,4.021489092959508,4.868606060661729,1.1600381173475545,96
2,EVELYN68961,925d113,joint,0.5,threshold,1.0,7,3.4142719158985004,0.10789514344958247,-0.021176123689147962,0.23185375223709698,0.706225996422495,1.4824314699108758,0.9932,0.1182,0.09762322164157027,1.0006356754721482,1.002924621868974,0.0,0.5052,2471,2.7746341392043514,4.7402323517658065,2.2071730896174513,142
2,EVELYN68961,925d113,plain,0.5,effect,0.5,7,1.4682132723773167,0.0,0.0,0.0,1.1100666807256783,1.5045842657037423,0.886,0.1386,0.12211503320895054,1.0001856733765009,1.0051355408084075,0.0,0.558,2710,2.8073319365951974,2.8700985020853595,1.9908005958476258,96
2,EVELYN68961,925d113,joint,0.5,effect,0.5,7,1.4682132723773167,0.06252194761115723,-0.06545264127725425,0.18904487933684586,-0.29964318184584793,1.0437416742629568,1.0,0.0954,0.06310965137466266,1.0028760915146644,1.003784219343167,0.0,0.486,2368,2.3586334208403046,2.8323807166318047,2.382019098557861,136
2,EVELYN68961,925d113,plain,1.0,none,0.0,7,0.3944835674211252,0.0,0.0,0.0,0.009747072652721123,1.0915197262367893,0.9894,0.0938,0.06271214153550439,1.0010262150412614,1.0036471730891583,0.0,0.4994,2426,2.481761749005671,2.373230367872142,2.348191378512265,85
2,EVELYN68961,925d113,joint,1.0,none,0.0,7,0.3944835674211252,0.07281858520374453,-0.020175394825022185,0.16590936142151175,-1.4411132351111955,1.825564442697576,0.932,0.1818,0.19576125056094348,1.0005817111016921,1.0035765476591765,0.0,0.407,1968,2.5078464848512314,2.4759115021512352,2.549606243099965,139
2,EVELYN68961,925d113,plain,0.5,effect,1.0,7,3.0561958771484266,0.0,0.0,0.0,2.870863725154241,3.057002708181354,0.2968,0.2702,0.3897046445464637,1.000358804255143,1.0043904433846325,0.0,0.5952,2905,3.829166409300254,4.9335567960935744,1.4070102562818931,84
2,EVELYN68961,925d113,joint,0.5,effect,1.0,7,3.0561958771484266,0.07374387391136969,-0.05437912947787886,0.19504405120135254,1.2181393531651539,1.6351174928311303,0.9908,0.1316,0.11483612926383842,1.0018076828572995,1.0044081823809268,0.0,0.5298,2581,2.9818348934494803,4.175753635102012,2.087907319311897,155
2,EVELYN68961,925d113,plain,1.0,linear,0.5,7,1.7393315451593585,0.0,0.0,0.0,1.465667116721972,1.7578506202091368,0.8014,0.1374,0.11152911219818532,0.9996833056075053,1.004151905099481,0.0,0.5418,2646,3.3444035340683955,3.507757863823453,2.0659899095877483,91
2,EVELYN68961,925d113,joint,1.0,linear,0.5,7,1.7393315451593585,0.10888310557119306,0.011578422116987026,0.20397718477677657,-0.7986607959318454,1.273801955366913,0.9994,0.1006,0.0684416722786782,1.0003419867314656,1.0032028850118986,0.0,0.4482,2191,2.737002335836698,3.00410209981054,2.5629001913553595,133
2,EVELYN68961,925d113,plain,1.0,linear,1.0,7,4.323361080106113,0.0,0.0,0.0,3.8553598345473317,4.040490991001276,0.1284,0.3842,0.7752193766432992,1.0004884238388634,1.0044130434218252,0.0,0.6392,3137,4.1451620141081245,4.243862045260446,0.7299461146166034,91
2,EVELYN68961,925d113,joint,1.0,linear,1.0,7,4.323361080106113,0.20084090424739504,0.0994770880440705,0.2978703026433776,-0.5444097823848424,1.4348544059631652,0.996,0.1526,0.14748434334481783,1.0006575946439764,1.00516826543498,0.0,0.4332,2131,2.329069380147467,3.81171823152631,2.4576243087740757,133
2,EVELYN68961,925d113,plain,1.0,threshold,0.5,7,1.5963063389471968,0.0,0.0,0.0,1.2808577960818877,1.6538011016731817,0.8292,0.1216,0.09468714864016538,1.0012063634951598,1.0038455686935295,0.0,0.534,2607,3.2792402352869074,3.379066062833228,2.129388841073103,81
2,EVELYN68961,925d113,joint,1.0,threshold,0.5,7,1.5963063389471968,0.09675206839255518,0.006997577072908652,0.18929960854875424,-0.7118396090836916,1.282774038254501,0.9994,0.0994,0.06887722181616877,1.0014323141420283,1.0040089962667922,0.0,0.4486,2191,2.78732601055627,2.4735728698007504,2.5614762723655735,141
2,EVELYN68961,925d113,plain,1.0,threshold,1.0,7,3.5333145271393542,0.0,0.0,0.0,3.0582912897057852,3.3421129717316718,0.3084,0.317,0.5432612478607379,1.0011039057470132,1.003709570566031,0.0,0.6064,2985,3.6919652093433846,3.196336778515171,1.1334181796614882,83
2,EVELYN68961,925d113,joint,1.0,threshold,1.0,7,3.5333145271393542,0.15812427646752866,0.05938591588068008,0.2517646067924029,-0.4032814437028076,1.4542566214865749,0.9932,0.1466,0.13601488483071458,1.0018516542363347,1.0028603897251513,0.0,0.4448,2171,2.476125111927485,3.2228141892547986,2.4423560992483697,142
2,EVELYN68961,925d113,plain,1.0,effect,0.5,7,1.4424285977542928,0.0,0.0,0.0,1.133249505924967,1.5177608475725077,0.865,0.1092,0.076928074274698,1.001995413441285,1.004559330518254,0.0,0.5312,2583,3.262644282029242,3.15422043501409,2.1737209418335235,85
2,EVELYN68961,925d113,joint,1.0,effect,0.5,7,1.4424285977542928,0.08561432094864829,-0.007228122156653293,0.17640469890637234,-0.5985084082249059,1.1844421989414677,0.9996,0.0842,0.052073626572769025,0.9999459790463151,1.0029529993897806,0.0,0.4566,2231,2.821036818536377,2.9220165878265623,2.5556221026140347,143
2,EVELYN68961,925d113,plain,1.0,effect,1.0,7,3.184897533407791,0.0,0.0,0.0,2.6638746522368066,2.8772421412600653,0.3624,0.28,0.41958129921133785,1.0012713835772131,1.0052472708194562,0.0,0.5906,2888,3.4850336138908715,3.1711486949880445,1.3903872610078167,87
2,EVELYN68961,925d113,joint,1.0,effect,1.0,7,3.184897533407791,0.11472353602430797,0.01789911796538817,0.21231299102296208,0.27674443205435983,1.1334630000545505,0.998,0.0964,0.07013094386202488,1.000527399267738,1.0040257112399824,0.0,0.4822,2363,2.4951058404265343,3.2340205920293776,2.393198995451331,140
2,EVELYN68961,925d113,plain,0.5,none,0.0,8,0.2786381001399959,0.0,0.0,0.0,-0.7218733998159217,1.5954306043377742,0.8594,0.1494,0.1271065208347053,1.0010201567782997,1.004317285999772,0.0,0.4352,2067,2.7767595594168815,2.420641293884072,2.609252644802922,89
2,EVELYN68961,925d113,joint,0.5,none,0.0,8,0.2786381001399959,-0.06182553167140644,-0.19269929197452493,0.06697201719372886,0.6737051058913318,1.533823029438538,0.9908,0.1424,0.12797148513041065,1.0024562571249802,1.0047933193363934,0.0,0.503,2392,2.9893824281519574,1.3564905134560146,2.2873819476857675,147
2,EVELYN68961,925d113,plain,0.5,linear,0.5,8,1.6988079692060325,0.0,0.0,0.0,1.015999563593901,1.7601820397153307,0.8068,0.1162,0.0930891689944027,1.000141468942073,1.0048843892164665,0.0,0.5,2443,3.5061792157498797,3.5535611516800065,2.3048968911405483,86
2,EVELYN68961,925d113,joint,0.5,linear,0.5,8,1.6988079692060325,-0.02660304588044022,-0.1509568629940227,0.09675387034605402,1.6129294323468226,2.134012814528172,0.9228,0.154,0.14747224614845203,1.0024908436323152,1.0048400206222805,0.0,0.5334,2601,3.6876812978439504,2.9115431210150304,2.0893660898225654,152
2,EVELYN68961,925d113,plain,0.5,linear,1.0,8,3.9307992181802023,0.0,0.0,0.0,3.6590174478135533,3.7639631601135126,0.137,0.3356,0.5581818670228138,1.0006343188248679,1.0030224016925304,0.0,0.6214,3061,4.383979285766198,4.166085307704318,1.1560205880995458,86
2,EVELYN68961,925d113,joint,0.5,linear,1.0,8,3.9307992181802023,0.01930545404729244,-0.12051692924707871,0.15757579220144824,3.21266990854926,3.334589401967896,0.7674,0.305,0.4605357813788607,1.0016439349873707,1.0045127117153558,0.0,0.6084,3001,4.0658497510867,4.7877810160586085,1.3343831777086912,159
2,EVELYN68961,925d113,plain,0.5,threshold,0.5,8,1.3952285494945535,0.0,0.0,0.0,0.6454175708918191,1.6931487904060893,0.8536,0.1076,0.07665188074357475,1.000892021685544,1.004172793101295,0.0,0.4858,2364,3.4860893519701888,3.615440103340085,2.3995728436845933,89
2,EVELYN68961,925d113,joint,0.5,threshold,0.5,8,1.3952285494945535,-0.0401673181744845,-0.16767249657025618,0.08426528643893473,1.5673809183430587,2.205453458419501,0.9108,0.147,0.13823738519770937,1.003226395039026,1.0058466326301583,0.0,0.5272,2567,3.806414267596567,2.486780036638311,2.137599126022567,149
2,EVELYN68961,925d113,plain,0.5,threshold,1.0,8,3.1126311398764726,0.0,0.0,0.0,2.822163548829917,2.910148655555924,0.319,0.2752,0.36227942274743846,1.0001631957850543,1.004370707954344,0.0,0.5986,2938,3.8644434123220783,3.8013671418395067,1.534513550821847,89
2,EVELYN68961,925d113,joint,0.5,threshold,1.0,8,3.1126311398764726,-0.017941324667244102,-0.15156408527389503,0.11355177537768928,3.2509120815047763,3.3237342552303546,0.7764,0.3046,0.4443858475079471,1.0022922101936926,1.0054907524429029,0.0,0.612,3016,4.142960930365027,3.7539232694641917,1.3563588695929476,165
2,EVELYN68961,925d113,plain,0.5,effect,0.5,8,1.4109324878812572,0.0,0.0,0.0,0.686713165075546,1.5317432506617978,0.883,0.0996,0.06748202222508345,1.0002429244664555,1.0043670229492407,0.0,0.4906,2400,3.396893779471881,3.861926472945729,2.401637725110662,88
2,EVELYN68961,925d113,joint,0.5,effect,0.5,8,1.4109324878812572,-0.02962531767507889,-0.1558690310553555,0.09498466399414389,1.3635095045511063,1.9109321590044397,0.9578,0.1326,0.11460302995501175,1.0011690608959998,1.0021497471038083,0.0,0.5256,2561,3.6002325343093893,2.7060493716494483,2.1793992506674185,156
2,EVELYN68961,925d113,plain,1.0,none,0.0,8,-0.02713301259285114,0.0,0.0,0.0,-0.6871714971142469,1.0065064457040767,0.9916,0.11,0.06836183115278738,1.0013364932077993,1.0072886874331537,0.0,0.4424,2140,2.5738822591092436,1.8974551564935738,2.7102956198072965,94
2,EVELYN68961,925d113,joint,1.0,none,0.0,8,-0.02713301259285114,-0.028125882329051485,-0.12151148830957131,0.061309862832445904,-0.121959281795297,0.7250439725950758,1.0,0.0806,0.03767810943242994,1.0025873923886053,1.0062095564012326,0.0,0.4706,2273,2.6068199102222356,1.7008027769161964,2.616957448026379,139
2,EVELYN68961,925d113,plain,0.5,effect,1.0,8,2.8328613378797227,0.0,0.0,0.0,2.5026668099006946,2.5609811469498878,0.402,0.2498,0.2916214933171796,0.9999497564355151,1.0034540709936188,0.0,0.5856,2878,3.6834294116467516,4.235347650514495,1.6837191928742887,92
2,EVELYN68961,925d113,joint,0.5,effect,1.0,8,2.8328613378797227,-0.021898454184350342,-0.1490075312735702,0.10749052286084691,3.0029618936847515,3.0506560941542697,0.8504,0.288,0.39076929864214505,1.003210666254868,1.0053631583105114,0.0,0.607,2988,3.943957723873624,3.086309271869406,1.4451197591527378,156
2,EVELYN68961,925d113,plain,1.0,linear,0.5,8,1.4058697799656799,0.0,0.0,0.0,0.840614433155446,1.3141160301799788,0.935,0.1112,0.08371040436612352,1.0004017772518974,1.0032264144405396,0.0,0.494,2402,3.0183440398496013,2.9009057809888947,2.346546519160635,84
2,EVELYN68961,925d113,joint,1.0,linear,0.5,8,1.4058697799656799,0.019936730370459607,-0.06809204789962832,0.10647314426184902,0.43453404440964816,1.1101250844530317,0.9972,0.1018,0.06535496913260405,1.0011617839085918,1.003535829811479,0.0,0.475,2317,2.9123544927763816,3.340061186805582,2.476744960986381,133
2,EVELYN68961,925d113,plain,1.0,linear,1.0,8,3.813645346815661,0.0,0.0,0.0,3.422352802267366,3.524937646226048,0.1548,0.3358,0.5597912208670434,1.0003425361218685,1.003944820050349,0.0,0.6206,3060,4.054613564482439,3.8275640346860813,1.1921508817089475,82
2,EVELYN68961,925d113,joint,1.0,linear,1.0,8,3.813645346815661,0.0784464308551994,-0.01733362645735079,0.1690303796476171,1.7753386452944238,1.993659680767113,0.911,0.1934,0.20703506152346068,0.9998599270546474,1.0039597725367084,0.0,0.5538,2722,3.1639665030905175,3.497659024309599,1.986656322121576,130
2,EVELYN68961,925d113,plain,1.0,threshold,0.5,8,1.1535530706954689,0.0,0.0,0.0,0.554861948755137,1.304069716683406,0.944,0.109,0.0763361296177685,1.0004066416785797,1.0038080443591795,0.0,0.479,2330,3.0769983965759695,3.172457061187545,2.4396260352676546,83
2,EVELYN68961,925d113,joint,1.0,threshold,0.5,8,1.1535530706954689,0.002625700070945666,-0.08396414782185045,0.0948593895078189,0.49891982502774157,1.2789354879453965,0.9894,0.1056,0.07069016890013989,1.0010305875645018,1.0043923733395257,0.0,0.4776,2322,3.072038428405427,3.1925880253406484,2.460277017614464,133
2,EVELYN68961,925d113,plain,1.0,threshold,1.0,8,2.9131322806685143,0.0,0.0,0.0,2.4811197844601676,2.6475526863005188,0.4398,0.2458,0.31190176108586687,1.0004906925609978,1.0048876965594227,0.0,0.5822,2861,3.6724822218654025,3.167712582095312,1.7131291650188287,82
2,EVELYN68961,925d113,joint,1.0,threshold,1.0,8,2.9131322806685143,0.03129431839409639,-0.05814533172553134,0.12275882120502647,1.8067231083742756,2.038197853896289,0.9204,0.1872,0.19603223201577516,1.0001275751615621,1.005162781673926,0.0,0.5528,2713,3.3611004379685423,3.6829225252527116,2.006708432733386,133
2,EVELYN68961,925d113,plain,1.0,effect,0.5,8,1.1112454223735473,0.0,0.0,0.0,0.5296384789696322,1.053504484704647,0.984,0.0926,0.057034273073741336,1.0008915875134083,1.0049142301184573,0.0,0.4838,2351,2.910574134689755,2.8110699267069506,2.4547915290256546,87
2,EVELYN68961,925d113,joint,1.0,effect,0.5,8,1.1112454223735473,0.001582931143833203,-0.08764586912892096,0.08822366756970504,0.5033630274891807,1.0311266219649693,0.9994,0.091,0.05407080643605378,1.0002064838402152,1.0043124935024144,0.0,0.4834,2349,2.8979782920514228,2.9029308601459283,2.4605501095396902,113
2,EVELYN68961,925d113,plain,1.0,effect,1.0,8,2.7498363863155655,0.0,0.0,0.0,2.3183978826370732,2.39340381224488,0.4536,0.2446,0.2885821024383002,1.0007975557188578,1.004654785374855,0.0,0.5866,2875,3.4300799497672623,3.032509389911584,1.7343567197191647,86
2,EVELYN68961,925d113,joint,1.0,effect,1.0,8,2.7498363863155655,0.0016255220250308109,-0.08834884495141804,0.08975630939565307,2.281086723566163,2.35921193227702,0.8184,0.2412,0.28079669640410815,1.0029059074823887,1.0034563581931855,0.0,0.5844,2863,3.424495009434486,2.797009187824504,1.7536815395315661,113
2,EVELYN68961,925d113,plain,0.5,none,0.0,9,0.945758452353625,0.0,0.0,0.0,0.3622366375927567,1.3899285947308744,0.9106,0.0628,0.025086212492489178,1.0017010161871946,1.0049641729106062,0.0,0.5094,2427,3.460648892968696,3.321366460155565,2.3845202670074137,87
2,EVELYN68961,925d113,joint,0.5,none,0.0,9,0.945758452353625,-0.03816447027137471,-0.16716760852970122,0.0966091084716058,1.2142107018727082,1.797920383507632,0.9814,0.108,0.0680417701292557,1.0022217238050681,1.0042776054481932,0.0,0.5474,2599,3.724994150624606,3.110699269253526,2.1744715967485018,126
2,EVELYN68961,925d113,plain,0.5,linear,0.5,9,1.8894375834691324,0.0,0.0,0.0,1.2227162638280722,1.620908022415756,0.8272,0.1198,0.08714019730212524,1.0003902024361202,1.004788818741979,0.0,0.5454,2632,3.4246975959266175,3.7698729511098503,2.1013750092847983,85
2,EVELYN68961,925d113,joint,0.5,linear,0.5,9,1.8894375834691324,-0.04374993879783088,-0.18227004079679232,0.09673685869094573,2.216343684554434,2.45593590105625,0.9562,0.1968,0.20174480319877203,1.005474427088695,1.009277365683694,0.0,0.5884,2837,3.8455857557982687,3.5374555140925237,1.7643921072183613,133
2,EVELYN68961,925d113,plain,0.5,threshold,0.5,9,1.5557630924489885,0.0,0.0,0.0,0.9412570630469804,1.4212246570480023,0.8862,0.104,0.06989085760951727,1.0005190635023165,1.0052522503372054,0.0,0.536,2576,3.323008381553627,3.7914656904649675,2.166356550593063,73
2,EVELYN68961,925d113,joint,0.5,threshold,0.5,9,1.5557630924489885,-0.038250720119949747,-0.1743005995083638,0.09621172006540285,1.7932553498977921,2.0834467564940105,0.9876,0.1636,0.14818579519407804,1.0035409818090377,1.0058118423107836,0.0,0.572,2753,3.6530829899163626,3.2257211968616604,1.9106519966470796,130
2,EVELYN68961,925d113,plain,0.5,linear,1.0,9,4.633030608593887,0.0,0.0,0.0,4.046747022547038,4.195946316010153,0.1062,0.341,0.5913437881693775,0.9999919099903043,1.0041254440787772,0.0,0.6526,3177,4.722055661079973,4.615774079297427,1.0935538586522748,75
2,EVELYN68961,925d113,joint,0.5,linear,1.0,9,4.633030608593887,-0.007671319469248871,-0.15302029660941205,0.14204666881394903,4.233543870440107,4.378760285654958,0.4938,0.3526,0.6322566684698903,1.0016758678526008,1.0031766713755121,0.0,0.6538,3191,4.870727718747094,4.827477077032696,1.0331975138520526,147
2,EVELYN68961,925d113,plain,0.5,threshold,1.0,9,3.674042675294299,0.0,0.0,0.0,3.1763255960113064,3.4412117388667456,0.3026,0.2676,0.39356781220831316,1.0009151323696088,1.0050526515540668,0.0,0.632,3090,4.2318938902667345,4.429168928902003,1.4500876707233457,73
2,EVELYN68961,925d113,joint,0.5,threshold,1.0,9,3.674042675294299,-0.00412004456210287,-0.15205298565776001,0.1446754851851217,3.272835626475887,3.536226081887201,0.7666,0.2746,0.41209942707717684,1.0019108917349415,1.0054865945624254,0.0,0.635,3101,4.2898896754193245,4.118865356347764,1.4027532265162357,139
2,EVELYN68961,925d113,plain,0.5,effect,0.5,9,1.6108817525994314,0.0,0.0,0.0,0.9635197140450916,1.420550617191404,0.888,0.1056,0.0714019725585567,1.0003240012268473,1.0048109347873622,0.0,0.5356,2579,3.241183546322902,4.052437365575784,2.1610543092690637,75
2,EVELYN68961,925d113,joint,0.5,effect,0.5,9,1.6108817525994314,-0.05268778594265464,-0.17763151390033372,0.07641230953221716,2.1414791952426815,2.3880455625422075,0.935,0.197,0.2051205176111289,1.0000464035804209,1.0058842156876342,0.0,0.587,2825,3.7637819197731353,2.8140653711352632,1.7768696301906388,129
2,EVELYN68961,925d113,plain,1.0,none,0.0,9,0.784859124918239,0.0,0.0,0.0,0.29194625803100327,0.6552396169626354,1.0,0.0506,0.016052688175509235,1.0002997113800665,1.0052380479651915,0.0,0.5064,2447,2.7544639539355726,3.5565554379043496,2.4088683983828774,75
2,EVELYN68961,925d113,joint,1.0,none,0.0,9,0.784859124918239,-0.04256245131684372,-0.1359501618867976,0.04928165528020015,1.1458258486046604,1.2768054798681625,1.0,0.1194,0.07507233996998307,1.001027297657579,1.0043183333053582,0.0,0.5476,2661,3.0220997384796453,2.706997124643877,2.1383463892153816,115
2,EVELYN68961,925d113,plain,0.5,effect,1.0,9,3.4157944308229227,0.0,0.0,0.0,2.8157898977635862,3.0509225325695306,0.3392,0.256,0.35355336544490074,1.000135364292971,1.0058880744937342,0.0,0.628,3061,3.9025551580609505,3.82408151615847,1.4957553773781895,73
2,EVELYN68961,925d113,joint,0.5,effect,1.0,9,3.4157944308229227,-0.03719344532530465,-0.17588175523170807,0.1052262202799049,3.6485584612583146,3.8427666366274384,0.578,0.3146,0.514492461795352,1.0018510359292443,1.003095176069217,0.0,0.645,3139,4.4813245546067435,3.8021374966784776,1.235530959543823,135
2,EVELYN68961,925d113,plain,1.0,linear,0.5,9,1.4897168536587049,0.0,0.0,0.0,0.8737585810210764,1.3833307942536366,0.9066,0.0936,0.05824054314005898,1.0011525742643712,1.0036372282578074,0.0,0.5356,2619,3.3858122403117563,3.3955607106508423,2.2443505439604308,73
2,EVELYN68961,925d113,joint,1.0,linear,0.5,9,1.4897168536587049,-0.03954295856048152,-0.1354538620789065,0.056276576041515626,1.6614949492762465,1.973125027980423,0.9028,0.1498,0.12281039234128616,1.0005690397579994,1.004573649368587,0.0,0.569,2773,3.654047223603519,3.796332682445923,2.0042180264628136,114
2,EVELYN68961,925d113,plain,1.0,linear,1.0,9,4.57028813142933,0.0,0.0,0.0,3.6571234687535514,3.7581042568831102,0.109,0.3114,0.47881014209426137,1.0003572497165254,1.005334047896033,0.0,0.6288,3085,4.494735636248608,5.0283313299379255,1.2956237330329687,76
2,EVELYN68961,925d113,joint,1.0,linear,1.0,9,4.57028813142933,0.05353802410119537,-0.05260848341946425,0.15471322850569072,2.4841236091330554,2.6268728583823826,0.8144,0.2228,0.2503905838999328,0.9996858182964131,1.0038441298680296,0.0,0.5954,2915,3.791748669748651,4.871521242636571,1.737945397254914,114
2,EVELYN68961,925d113,plain,1.0,threshold,0.5,9,1.196373403162698,0.0,0.0,0.0,0.5770474241164476,1.2128598179816223,0.9566,0.0788,0.04181175736071035,0.9998579697472846,1.003819444764408,0.0,0.5228,2546,3.255685238418764,3.787351127346112,2.335505322729725,75
2,EVELYN68961,925d113,joint,1.0,threshold,0.5,9,1.196373403162698,-0.0384190511110953,-0.1359855203718764,0.06275795614288839,1.3711503711088597,1.7381647428117675,0.958,0.1292,0.09700292927290174,1.0004571664273734,1.0039260770662777,0.0,0.5552,2704,3.5219048081139315,3.392540519775539,2.1053524349913175,111
2,EVELYN68961,925d113,plain,1.0,threshold,1.0,9,3.54483560825471,0.0,0.0,0.0,2.709005945961793,2.8383618362349807,0.3678,0.2374,0.28301808444870874,1.0004035052997085,1.0051119202682905,0.0,0.606,2953,3.9294776371977154,4.041218319323911,1.651237218139424,74
2,EVELYN68961,925d113,joint,1.0,threshold,1.0,9,3.54483560825471,0.040654905959061786,-0.06250261610990124,0.14351924158820697,1.8098131790895213,1.9870671887822595,0.985,0.1726,0.15753027752843982,1.0015729122549675,1.002954226313037,0.0,0.5828,2853,3.432877098555293,4.139801134256832,1.924989897350591,111
2,EVELYN68961,925d113,plain,1.0,effect,0.5,9,1.233968724190709,0.0,0.0,0.0,0.626563487677312,1.1716523277808852,0.9594,0.0796,0.04234174753088509,0.9996280684478063,1.0054471550353294,0.0,0.5268,2560,3.239662631310459,3.6125325662893304,2.3204686397178773,74
2,EVELYN68961,925d113,joint,1.0,effect,0.5,9,1.233968724190709,-0.05355689508469942,-0.14657727307452212,0.041129950589579585,1.712817853587693,1.9685890622820077,0.9048,0.1558,0.1283506142755723,1.0000548018793014,1.0032029525204236,0.0,0.5702,2781,3.613802191896601,3.7318889080670186,1.9897001469558007,100
2,EVELYN68961,925d113,plain,1.0,effect,1.0,9,3.463573336929676,0.0,0.0,0.0,2.5277624739191054,2.626485067340073,0.3866,0.2288,0.25722011449456467,1.0011285381138246,1.0039657930301458,0.0,0.6002,2933,3.8000967316224834,4.472745889097404,1.7151462334309389,75
2,EVELYN68961,925d113,joint,1.0,effect,1.0,9,3.463573336929676,-0.0071714011656275395,-0.10261346634249181,0.09284171053545066,2.695155600790573,2.792678957779858,0.703,0.2422,0.28684900977378613,1.0019575913909116,1.002918290270822,0.0,0.6044,2956,3.905544186615209,4.49332698399426,1.6559717168849426,92
