generator_version,host,code_commit,model,shape,strength,repeat,crude_error,rho_mean,rho_low,rho_high,bias_average,rmse_individual,coverage_95,wrong_drug,hba1c_lost,rhat_average_effect,rhat_worst_patient,share_patients_rhat_above_1.01,seconds
2,EVELYN68961,8840eb7,plain,linear,1.0,0,3.7263679491786075,0.0,0.0,0.0,4.040795735459077,4.303236699015469,0.1612,0.3344,0.6137527636835334,0.9995666894882818,1.0043391668177186,0.0,69
2,EVELYN68961,8840eb7,joint,linear,1.0,0,3.7263679491786075,0.0015386974003510222,-0.1833206867520526,0.18145261943940383,4.021053583209296,4.287483541391025,0.78,0.3326,0.6093285518971957,1.0006162350994738,1.0039323098895214,0.0,155
2,EVELYN68961,8840eb7,plain,none,0.0,0,-0.3353924840532958,0.0,0.0,0.0,-0.24177719475718434,1.0305429329615876,0.9922,0.0848,0.04827765854437749,1.0010369996871986,1.0082073512209735,0.0,70
2,EVELYN68961,8840eb7,joint,none,0.0,0,-0.3353924840532958,-0.013619276516542787,-0.1905863931972462,0.16762960689638437,0.07720539817707767,1.0164748332353024,1.0,0.0744,0.03629105446230738,1.0013696684226658,1.0031914603903793,0.0,155
2,EVELYN68961,8840eb7,plain,threshold,0.5,0,0.4138004552365384,0.0,0.0,0.0,0.43877013877212484,0.8905138671285532,1.0,0.0792,0.041509162316858146,1.00013907338038,1.003898821184526,0.0,74
2,EVELYN68961,8840eb7,joint,threshold,0.5,0,0.4138004552365384,-0.01660377854343315,-0.18781887327834798,0.15384071183830947,0.8370622510473179,1.1451618952099518,1.0,0.1058,0.06995819796043841,0.9998837168499222,1.0029976322491179,0.0,158
2,EVELYN68961,8840eb7,plain,linear,0.5,0,0.7142776529388541,0.0,0.0,0.0,0.7758676206413552,1.1192391817467573,0.9966,0.1032,0.06782727919487355,0.9995276774665183,1.0038871990708296,0.0,74
2,EVELYN68961,8840eb7,joint,linear,0.5,0,0.7142776529388541,-0.01451970957375192,-0.1927606242808048,0.15360270133203674,1.113232563103474,1.3745164957201057,1.0,0.1326,0.10317819450573179,1.000665452966416,1.0028630283856965,0.0,161
2,EVELYN68961,8840eb7,plain,threshold,1.0,0,2.567307877534134,0.0,0.0,0.0,2.9018130843732717,3.370292368049151,0.3768,0.251,0.3809746160747559,0.9997314250418644,1.0046331772900354,0.0,70
2,EVELYN68961,8840eb7,joint,threshold,1.0,0,2.567307877534134,-0.0005956679186197516,-0.16301823506467383,0.16159506998801157,2.914141371371755,3.381567311321478,0.8704,0.2516,0.38176161464706837,1.0007668357289854,1.0031277929491453,0.0,146
2,EVELYN68961,8840eb7,plain,effect,1.0,0,2.567519495901239,0.0,0.0,0.0,2.8262361254112665,3.3721185046657873,0.373,0.2468,0.3763445083937677,0.999934301686795,1.0056343153366814,0.0,72
2,EVELYN68961,8840eb7,joint,effect,1.0,0,2.567519495901239,0.0037032459007090173,-0.1545796785147392,0.15832934732431517,2.760172035422545,3.3130680285488414,0.8118,0.2432,0.36630613784073834,1.0008809377906447,1.0042007081979794,0.0,144
2,EVELYN68961,8840eb7,plain,effect,0.5,0,0.4011030341136621,0.0,0.0,0.0,0.45403248207611113,0.9725256725722029,0.9998,0.0858,0.04900773297161236,1.0002612779549707,1.0034848565487375,0.0,75
2,EVELYN68961,8840eb7,joint,effect,0.5,0,0.4011030341136621,-0.015440145711389953,-0.17991494354906384,0.14809324577085464,0.8139643757536575,1.1938203243638432,1.0,0.1086,0.07574954415059099,1.0023262704536469,1.0034639027081191,0.0,157
2,EVELYN68961,8840eb7,plain,none,0.0,1,-0.42529295250526383,0.0,0.0,0.0,-0.7472621458515902,1.336502114622503,0.9444,0.0998,0.0686100088543838,1.0009570305434854,1.0047544026774682,0.0,77
2,EVELYN68961,8840eb7,joint,none,0.0,1,-0.42529295250526383,0.025733004857162855,-0.14111167453987516,0.18835116188120085,-1.3214059117747778,1.7250566564183272,1.0,0.1382,0.11665823112724961,1.0018193577280305,1.0043051893085764,0.0,170
2,EVELYN68961,8840eb7,plain,linear,0.5,1,0.5214114500275455,0.0,0.0,0.0,0.2521355259507292,1.1990457741113283,0.9684,0.0958,0.0689356355326974,1.0006676490890722,1.0038360354216833,0.0,83
2,EVELYN68961,8840eb7,joint,linear,0.5,1,0.5214114500275455,0.03023501451954125,-0.1504787302260669,0.2085315328101534,-0.4610912824537296,1.2641803637718014,1.0,0.1052,0.07446370523613621,1.0007925801214808,1.0028529548838532,0.0,189
2,EVELYN68961,8840eb7,plain,linear,1.0,1,3.1521712594875,0.0,0.0,0.0,3.2822162133950115,3.5759323471478006,0.2818,0.3446,0.6459156159988001,1.0022494325469138,1.0042794704624591,0.0,85
2,EVELYN68961,8840eb7,joint,linear,1.0,1,3.1521712594875,0.016013509285269987,-0.15655751762659564,0.19159639583098395,2.896731134360336,3.2267459584011875,0.931,0.3118,0.550921997023945,1.0024992010753546,1.004420055848659,0.0,191
2,EVELYN68961,8840eb7,plain,threshold,0.5,1,0.23233462709957292,0.0,0.0,0.0,-0.02515994453252607,1.1019843602047228,0.9934,0.0892,0.05726449365626049,1.000248608630348,1.004997865470179,0.0,86
2,EVELYN68961,8840eb7,joint,threshold,0.5,1,0.23233462709957292,0.0268170763519514,-0.1453104057363107,0.20445932327922328,-0.6639384281860554,1.2970435718740685,1.0,0.1074,0.07518913147489878,1.0042740590271888,1.0055794845295105,0.0,188
2,EVELYN68961,8840eb7,plain,threshold,1.0,1,2.217212474685595,0.0,0.0,0.0,2.432694196892963,2.894393154212762,0.465,0.267,0.43976169484688854,1.000241184909962,1.0044465531622297,0.0,88
2,EVELYN68961,8840eb7,joint,threshold,1.0,1,2.217212474685595,0.005509842935785389,-0.15754844723312666,0.1707855693130278,2.300879127114019,2.778358038011838,0.9568,0.257,0.4139725005279238,0.9997183617620755,1.0032304950524584,0.0,188
2,EVELYN68961,8840eb7,plain,effect,0.5,1,0.2548559284097686,0.0,0.0,0.0,-0.044805713654243934,1.1464447615423365,0.9846,0.0926,0.06085512119331058,1.0002781826995222,1.005131700839591,0.0,93
2,EVELYN68961,8840eb7,joint,effect,0.5,1,0.2548559284097686,0.023856869045648318,-0.14371784612700084,0.1886438143711367,-0.6093897856126034,1.3171573030416996,1.0,0.1084,0.0781125463481665,1.00086186340126,1.0027464909588113,0.0,193
2,EVELYN68961,8840eb7,plain,none,0.0,2,0.07787504592133435,0.0,0.0,0.0,-0.5131195085094545,0.9109228181803191,1.0,0.0866,0.04449649574527011,1.0010854930233235,1.004203564482775,0.0,89
2,EVELYN68961,8840eb7,joint,none,0.0,2,0.07787504592133435,0.0019553115768187732,-0.16020409034485275,0.15591272053396493,-0.5720857890950425,0.9427350935472892,1.0,0.0914,0.048108490572178926,1.0006494078072432,1.0030606748787383,0.0,184
2,EVELYN68961,8840eb7,plain,effect,1.0,1,2.0634690886974214,0.0,0.0,0.0,2.1104742951307114,2.6027613115342194,0.5188,0.24,0.3717177484534057,1.000189410687606,1.0042132294482384,0.0,93
2,EVELYN68961,8840eb7,joint,effect,1.0,1,2.0634690886974214,0.008571999220227467,-0.14769772018735677,0.16257049161999484,1.898714102778317,2.427446020863625,0.9616,0.2236,0.3309227113168733,1.001456032468924,1.006261115438217,0.0,190
2,EVELYN68961,8840eb7,plain,linear,0.5,2,0.9997730452795567,0.0,0.0,0.0,0.526837157375918,1.0524616992787845,0.988,0.081,0.04693260630979399,1.002582713569532,1.006367658782115,0.0,85
2,EVELYN68961,8840eb7,joint,linear,0.5,2,0.9997730452795567,0.008870591125491087,-0.15292154572448372,0.16828324753544263,0.3356134381626538,0.9640417336357413,1.0,0.0778,0.04207049643202861,1.0019219905279908,1.0037274396983453,0.0,190
2,EVELYN68961,8840eb7,plain,threshold,0.5,2,0.6409965908906491,0.0,0.0,0.0,0.20103270013151117,0.9303013372722759,0.9996,0.0798,0.04158430674223551,1.0003866172094007,1.0044444319365726,0.0,83
2,EVELYN68961,8840eb7,joint,threshold,0.5,2,0.6409965908906491,0.00428069002782215,-0.1460763058596293,0.15519703575156832,0.10339745894837396,0.9215477940441694,1.0,0.0782,0.04066139631319656,1.0007387031482458,1.0047884421980366,0.0,145
2,EVELYN68961,8840eb7,plain,threshold,1.0,2,3.8355808876891895,0.0,0.0,0.0,3.462931173620958,3.627360419017064,0.1934,0.317,0.5149154920544498,1.00091641154344,1.0042188446622589,0.0,84
2,EVELYN68961,8840eb7,joint,threshold,1.0,2,3.8355808876891895,-0.010595024260046035,-0.1615221562730885,0.14560877893306434,3.7221494596480813,3.879246827700685,0.8078,0.3346,0.5748765394251016,1.001375170582282,1.0050975101863937,0.0,148
2,EVELYN68961,8840eb7,plain,linear,1.0,2,4.629206600607485,0.0,0.0,0.0,4.1383460547154,4.2291024067561045,0.0698,0.3602,0.6525312116957007,1.0009149287252035,1.0042791035148102,0.0,84
2,EVELYN68961,8840eb7,joint,linear,1.0,2,4.629206600607485,-0.0017972450930857922,-0.1758022870003207,0.1619285296506064,4.189099285895833,4.282307244792955,0.73,0.3654,0.6736316464118136,1.0020576099275702,1.0048551892633493,0.0,157
2,EVELYN68961,8840eb7,plain,effect,0.5,2,0.7328922899485674,0.0,0.0,0.0,0.2560979316054549,0.9838085627419433,0.9962,0.078,0.04125780737064619,1.000650498866468,1.00451671183344,0.0,83
2,EVELYN68961,8840eb7,joint,effect,0.5,2,0.7328922899485674,0.0023752899081147154,-0.14322971947709406,0.14969239765577808,0.1837840270772625,0.9582803990479115,1.0,0.0774,0.04011232075410136,1.0011780165027908,1.0043655624824743,0.0,137
2,EVELYN68961,8840eb7,plain,effect,1.0,2,3.596232703147441,0.0,0.0,0.0,3.0667892250660027,3.2651930147727506,0.2576,0.2752,0.39300092893427246,0.9999848215669498,1.0058760710501666,0.0,74
2,EVELYN68961,8840eb7,joint,effect,1.0,2,3.596232703147441,-0.006043039681941343,-0.14946199148139389,0.13730790090440637,3.186213945576044,3.3796674708820054,0.8298,0.2828,0.41439299420668774,1.0008322908682272,1.0033664724773748,0.0,143
2,EVELYN68961,8840eb7,plain,none,0.0,3,1.2262744387636193,0.0,0.0,0.0,0.8994793345962095,1.7414228053305545,0.8308,0.169,0.1927159582318553,0.9999762155786867,1.0044465931536846,0.0,75
2,EVELYN68961,8840eb7,joint,none,0.0,3,1.2262744387636193,0.011166877189353315,-0.14336753905940422,0.16168416200456928,0.6523268422522763,1.6104146254675413,0.9992,0.1504,0.16000851315295367,1.00145632015313,1.0027707994334698,0.0,153
2,EVELYN68961,8840eb7,plain,linear,0.5,3,1.4420701469779136,0.0,0.0,0.0,1.170752410992141,1.76113970707002,0.817,0.1586,0.17140590831922153,0.9997056371660142,1.0025283672000809,0.0,74
2,EVELYN68961,8840eb7,joint,linear,0.5,3,1.4420701469779136,0.014598793933407685,-0.1526285310997857,0.1756621698131822,0.8233952426164614,1.543699599064065,1.0,0.1338,0.12616139121878087,1.0027944956830859,1.003778712276955,0.0,157
2,EVELYN68961,8840eb7,plain,linear,1.0,3,4.562739062925628,0.0,0.0,0.0,4.39831899627283,4.630345796138878,0.1128,0.3658,0.7144661228544836,1.0002846950217317,1.0041350194291996,0.0,75
2,EVELYN68961,8840eb7,joint,linear,1.0,3,4.562739062925628,0.012599757838108547,-0.1776947232634334,0.19133841805074714,4.101370617821346,4.347086697148618,0.7288,0.3514,0.6608096184252971,1.0009698276900225,1.0025369089333607,0.0,169
2,EVELYN68961,8840eb7,plain,threshold,0.5,3,1.0773716434647724,0.0,0.0,0.0,0.7646218935255213,1.451001371033234,0.914,0.1278,0.11621562792976149,1.0016823006258384,1.004146984085377,0.0,82
2,EVELYN68961,8840eb7,joint,threshold,0.5,3,1.0773716434647724,0.00828510347154429,-0.1563104684448316,0.1715675190021639,0.5791104720527636,1.3567672169409672,1.0,0.1182,0.09980811602435714,1.0026124699978847,1.004226958574688,0.0,197
2,EVELYN68961,8840eb7,plain,threshold,1.0,3,3.6854663351241044,0.0,0.0,0.0,3.488971204846241,3.712402963524657,0.2214,0.3236,0.5579324320389712,1.0010970132657764,1.0037076563811878,0.0,95
2,EVELYN68961,8840eb7,joint,threshold,1.0,3,3.6854663351241044,0.003107888772803387,-0.17209645378601035,0.17095286994131853,3.4066918550534533,3.6376325915203642,0.8566,0.316,0.5347037426258361,1.0023308236964166,1.0025813728420103,0.0,187
2,EVELYN68961,8840eb7,plain,effect,0.5,3,1.205785139651498,0.0,0.0,0.0,0.9256386036132751,1.6064914057172055,0.8698,0.14,0.13668231199511943,0.9998753420617402,1.00358989303761,0.0,97
2,EVELYN68961,8840eb7,joint,effect,0.5,3,1.205785139651498,0.010372761711402056,-0.14763631790357903,0.16930097005051065,0.6793177654916145,1.4672380341973608,1.0,0.1268,0.11644833830931721,1.0007607975434094,1.0033957495513215,0.0,186
2,EVELYN68961,8840eb7,plain,effect,1.0,3,3.5025345510603714,0.0,0.0,0.0,3.294446859770583,3.5922787657420097,0.2658,0.2988,0.4972232769437545,0.9996233760070614,1.003591503527167,0.0,119
2,EVELYN68961,8840eb7,joint,effect,1.0,3,3.5025345510603714,0.010713018872128954,-0.15181096238347658,0.1687359431070556,3.0396778990474234,3.3596192074345184,0.8436,0.2804,0.4427645161348448,1.0022628708769468,1.004394967035313,0.0,167
2,EVELYN68961,8840eb7,plain,none,0.0,4,0.25400312561059424,0.0,0.0,0.0,0.3803146238530428,1.9892287687936445,0.7678,0.1772,0.22017471882934178,0.9998700552584966,1.0041139147043179,0.0,83
2,EVELYN68961,8840eb7,joint,none,0.0,4,0.25400312561059424,0.017409384490999744,-0.15196840044629586,0.18063936070635184,-0.040176692104437195,1.9259622334402722,0.9906,0.1768,0.21648975986903005,1.0006752390050135,1.0031324194266675,0.0,152
2,EVELYN68961,8840eb7,plain,linear,0.5,4,1.574661118739765,0.0,0.0,0.0,1.7514654997930847,2.273063345511631,0.6394,0.1972,0.2586836667478923,1.0003408625340202,1.0039532174516717,0.0,80
2,EVELYN68961,8840eb7,joint,linear,0.5,4,1.574661118739765,0.020357624170057893,-0.15601427150210923,0.1919264724538138,1.2758036077464032,1.9297189416523406,0.9994,0.167,0.19587830473822693,1.0015460441829576,1.003108130446279,0.0,155
2,EVELYN68961,8840eb7,plain,linear,1.0,4,4.224248178460301,0.0,0.0,0.0,4.486515016948348,4.675894290132621,0.0746,0.4572,1.0834221160704622,1.0004079474797298,1.0055899555916872,0.0,78
2,EVELYN68961,8840eb7,joint,linear,1.0,4,4.224248178460301,0.0296318361568273,-0.18593078243417843,0.25520682248254883,3.759354029079446,3.974105857941999,0.9636,0.4182,0.8993808823761276,1.0024307932114878,1.0040955552802524,0.0,171
2,EVELYN68961,8840eb7,plain,threshold,0.5,4,1.2764883954695896,0.0,0.0,0.0,1.421771899621921,2.046306855607667,0.7212,0.1724,0.20417544462474174,0.9995210295740942,1.004997053705643,0.0,73
2,EVELYN68961,8840eb7,joint,threshold,0.5,4,1.2764883954695896,0.016672474992642832,-0.1563928155890339,0.18665944374528798,1.0297668302804621,1.786875870999729,0.9998,0.1468,0.15643881646545424,1.0032401498547754,1.004700758269969,0.0,153
2,EVELYN68961,8840eb7,plain,threshold,1.0,4,3.2894152645332304,0.0,0.0,0.0,3.471093025595455,3.765917012688617,0.225,0.3756,0.7534452552810533,1.0003500792985374,1.0042321788718904,0.0,71
2,EVELYN68961,8840eb7,joint,threshold,1.0,4,3.2894152645332304,0.01831263155407419,-0.1625521757559775,0.19678102583586027,3.0502348271412343,3.3831222869959237,0.9254,0.3444,0.6422039528867822,1.0009118847439735,1.0030229606087555,0.0,189
2,EVELYN68961,8840eb7,plain,effect,0.5,4,1.2762875653261339,0.0,0.0,0.0,1.408101151328109,2.1658846375846013,0.698,0.1902,0.25033099644132956,0.9996589086491033,1.0042445828458282,0.0,74
2,EVELYN68961,8840eb7,joint,effect,0.5,4,1.2762875653261339,0.012932484876834245,-0.1565606209634735,0.176482322183557,1.1236225167805878,1.9761222583597664,0.9958,0.1714,0.2088672497069074,1.0023804562267051,1.0045386477491112,0.0,174
2,EVELYN68961,8840eb7,plain,effect,1.0,4,3.082232590305766,0.0,0.0,0.0,3.2636423568709394,3.6979614793072617,0.2754,0.3668,0.7515851026301107,1.0004760479312573,1.005294384609833,0.0,79
2,EVELYN68961,8840eb7,joint,effect,1.0,4,3.082232590305766,0.017270684287137822,-0.15320859984449656,0.18946095551256387,2.878773258519144,3.355304209175877,0.8746,0.3368,0.6474221009108682,1.002019333448347,1.0063712041312172,0.0,179
2,EVELYN68961,8840eb7,plain,none,0.0,5,-0.1433336594142833,0.0,0.0,0.0,-0.5323094597027233,1.472361146719295,0.8764,0.169,0.16255559946909975,0.9998258153987865,1.00525724958783,0.0,81
2,EVELYN68961,8840eb7,joint,none,0.0,5,-0.1433336594142833,0.015244724884086461,-0.18186101781070677,0.2156133388519311,-0.8614002315668523,1.6169975750935364,1.0,0.1908,0.2036038034351542,1.0032977768270843,1.004584732559716,0.0,191
2,EVELYN68961,8840eb7,plain,linear,0.5,5,1.2226475694228611,0.0,0.0,0.0,0.9102222496582694,1.5125393050218399,0.8884,0.141,0.13367624661830876,1.001277161281101,1.005073319210069,0.0,83
2,EVELYN68961,8840eb7,joint,linear,0.5,5,1.2226475694228611,0.008463543946345345,-0.16968546318095862,0.18548310920209535,0.711199698667126,1.397025332595461,1.0,0.1374,0.12312996726728495,1.0011580300313323,1.0035941220425917,0.0,188
2,EVELYN68961,8840eb7,plain,linear,1.0,5,4.390296008690562,0.0,0.0,0.0,4.135578666442857,4.215034716280495,0.039,0.414,0.8790247480267095,0.999976888183029,1.004103700262678,0.0,81
2,EVELYN68961,8840eb7,joint,linear,1.0,5,4.390296008690562,0.0043826570393625305,-0.18349587448407945,0.20050512206422597,4.038030614297995,4.11859212971842,0.9482,0.4076,0.8496248572479351,1.0002324759187045,1.0037085231759477,0.0,193
2,EVELYN68961,8840eb7,plain,threshold,0.5,5,0.8850673897141892,0.0,0.0,0.0,0.5515905931517069,1.4202425777568284,0.9126,0.1424,0.12465032306528924,1.0003560708292643,1.0043561294156627,0.0,80
2,EVELYN68961,8840eb7,joint,threshold,0.5,5,0.8850673897141892,0.009461251407418865,-0.16942549405434462,0.18603574385361457,0.33733478499150943,1.3421367450892188,1.0,0.1362,0.10972383067211362,1.0015545018952365,1.0043113319935546,0.0,187
2,EVELYN68961,8840eb7,plain,threshold,1.0,5,3.581399301494594,0.0,0.0,0.0,3.3205893754524833,3.4001855383505024,0.1284,0.335,0.5568728748674237,1.0010445201244274,1.0048825764108804,0.0,83
2,EVELYN68961,8840eb7,joint,threshold,1.0,5,3.581399301494594,0.0005518631834026211,-0.16628644368244738,0.17317062944157,3.3064534799738015,3.3897722744730894,0.9892,0.3344,0.554948005734017,1.0010127806765168,1.0031432926951351,0.0,186
2,EVELYN68961,8840eb7,plain,effect,0.5,5,0.8829577112685723,0.0,0.0,0.0,0.5459208695360832,1.3598143309285233,0.9338,0.137,0.11948950613247378,1.0000220598474268,1.0038768966553382,0.0,81
2,EVELYN68961,8840eb7,joint,effect,0.5,5,0.8829577112685723,0.0047078458900011375,-0.16849879371707593,0.1752763064972093,0.44924577252830933,1.3338391434895247,1.0,0.1356,0.1145810609116513,1.0009219791490505,1.0043641184045968,0.0,177
2,EVELYN68961,8840eb7,plain,effect,1.0,5,3.1847314523739936,0.0,0.0,0.0,2.8525902940795396,2.9616036861503168,0.2552,0.3028,0.4580428228068964,0.9998791732891257,1.0040416863551678,0.0,81
2,EVELYN68961,8840eb7,joint,effect,1.0,5,3.1847314523739936,-0.001316066129843478,-0.1589757377568474,0.16986426058716328,2.889207598802145,2.997521626379631,0.998,0.3062,0.4678198571612471,1.0003966867704215,1.004884266794337,0.0,173
2,EVELYN68961,8840eb7,plain,none,0.0,6,0.2349145970944434,0.0,0.0,0.0,0.05161844962000341,1.516450888131248,0.904,0.1412,0.13262902475667127,0.9996684598764368,1.004326655449657,0.0,78
2,EVELYN68961,8840eb7,joint,none,0.0,6,0.2349145970944434,0.005905507725884791,-0.16365579053914472,0.17094282901368174,-0.09110041480317982,1.5137485413642249,0.9968,0.1362,0.1253566890264915,1.0017270643172804,1.0029209478862329,0.0,172
2,EVELYN68961,8840eb7,plain,linear,0.5,6,1.6703584003980976,0.0,0.0,0.0,1.5156463776308118,1.8932405745808798,0.7328,0.1804,0.19409167786198284,1.001104486539627,1.0037090685143737,0.0,79
2,EVELYN68961,8840eb7,joint,linear,0.5,6,1.6703584003980976,0.014421096753206913,-0.17472478392263535,0.1912113594779185,1.181423967902023,1.6327172960565044,1.0,0.149,0.14066859907119228,1.0012343398888706,1.0037990574208084,0.0,175
2,EVELYN68961,8840eb7,plain,linear,1.0,6,5.268365321031954,0.0,0.0,0.0,5.136886125187292,5.31079457766288,0.0504,0.4356,1.026535060064868,1.0018541932536578,1.004616451268969,0.0,79
2,EVELYN68961,8840eb7,joint,linear,1.0,6,5.268365321031954,0.02295993979804563,-0.16211085599896863,0.19978306587391023,4.596054630011008,4.7858575143536495,0.6026,0.4028,0.874654354157389,1.0012039293508437,1.0021730682449006,0.0,180
2,EVELYN68961,8840eb7,plain,threshold,0.5,6,1.3876886415470744,0.0,0.0,0.0,1.2565417538634298,1.6997873083166397,0.8124,0.1594,0.1571640675397585,1.0010186816274955,1.0047869118523138,0.0,78
2,EVELYN68961,8840eb7,joint,threshold,0.5,6,1.3876886415470744,0.008660671705991947,-0.16992777691859673,0.1817794418319766,1.028824600672377,1.5424440032552296,1.0,0.141,0.12753435207511193,1.0001800922691266,1.0023424019907923,0.0,181
2,EVELYN68961,8840eb7,plain,threshold,1.0,6,4.5399145060645765,0.0,0.0,0.0,4.427089879254121,4.6168421369580726,0.095,0.3872,0.805026257066727,1.0011903893162084,1.0048251322185269,0.0,78
2,EVELYN68961,8840eb7,joint,threshold,1.0,6,4.5399145060645765,0.01180630974527631,-0.1470709263353962,0.16854955557252496,4.144610982451651,4.349717937127961,0.5778,0.3696,0.7329585594588763,1.0018079729861578,1.0030910637090173,0.0,169
2,EVELYN68961,8840eb7,plain,effect,0.5,6,1.3635997094374113,0.0,0.0,0.0,1.1979826151639945,1.7011611825944701,0.8086,0.1554,0.15726738056469233,1.0008603831966825,1.0055885679814933,0.0,83
2,EVELYN68961,8840eb7,joint,effect,0.5,6,1.3635997094374113,0.020700368922453413,-0.15569247137552544,0.1890338710753906,0.7083309987043347,1.3893428887076213,1.0,0.1234,0.10215401941172406,1.0036984002472926,1.005157204165726,0.0,174
2,EVELYN68961,8840eb7,plain,effect,1.0,6,4.073311162864281,0.0,0.0,0.0,3.8653898415274233,4.1487052404887494,0.1782,0.3546,0.6981901530239385,1.0001533437169998,1.0042387859738815,0.0,80
2,EVELYN68961,8840eb7,joint,effect,1.0,6,4.073311162864281,0.02106104189253234,-0.13966882032304997,0.18076623336638267,3.3866400100279543,3.7073042770919593,0.75,0.3154,0.5683191677921537,1.000721464392414,1.0020164921459318,0.0,163
2,EVELYN68961,8840eb7,plain,none,0.0,7,1.1780072515098352,0.0,0.0,0.0,0.6516298648669562,1.421359345635827,0.8948,0.1314,0.10715509259816243,1.0000202943770893,1.0037093583365035,0.0,78
2,EVELYN68961,8840eb7,joint,none,0.0,7,1.1780072515098352,-0.016482009607862124,-0.2002562097960831,0.17742233869724053,1.0178003371640325,1.6435171383919591,1.0,0.1412,0.1270623644475527,1.0029326103602572,1.0036176940080188,0.0,176
2,EVELYN68961,8840eb7,plain,linear,0.5,7,2.3912221669549085,0.0,0.0,0.0,1.961701458426392,2.329012156344259,0.5876,0.1972,0.23766423188188524,1.0005363694424236,1.003845445754261,0.0,79
2,EVELYN68961,8840eb7,joint,linear,0.5,7,2.3912221669549085,-0.03091408105879971,-0.21912418154626417,0.15952605924274552,2.69553521925811,2.970214626190749,0.98,0.255,0.3681302500286561,1.0009229799736192,1.0055874950270984,0.0,177
2,EVELYN68961,8840eb7,plain,linear,1.0,7,4.547689354725892,0.0,0.0,0.0,4.44988502981883,4.502642631020207,0.0246,0.4052,0.8508727306837567,1.0008186750355539,1.004470128631939,0.0,80
2,EVELYN68961,8840eb7,joint,linear,1.0,7,4.547689354725892,-0.013375470720940554,-0.21265463945825047,0.19661688763883725,4.774621526196088,4.822576230735712,0.875,0.4238,0.9376995972866214,1.0030324862845148,1.0039424550349814,0.0,180
2,EVELYN68961,8840eb7,plain,threshold,0.5,7,2.1139444054819903,0.0,0.0,0.0,1.682097448936374,2.067047148048993,0.6696,0.1742,0.19171572294063324,1.0002474341424508,1.0047582122315406,0.0,82
2,EVELYN68961,8840eb7,joint,threshold,0.5,7,2.1139444054819903,-0.03315179188236593,-0.21965569264713422,0.15570992629731176,2.4811532472889497,2.7582436921239184,0.997,0.2388,0.32518051558992467,1.0020527437228768,1.0034743248059799,0.0,192
2,EVELYN68961,8840eb7,plain,threshold,1.0,7,3.6529002650001727,0.0,0.0,0.0,3.5470012416631302,3.601549287748147,0.108,0.3408,0.5930984365702354,1.000992793135213,1.004773796703132,0.0,82
2,EVELYN68961,8840eb7,joint,threshold,1.0,7,3.6529002650001727,-0.011811287003799416,-0.18702144517593078,0.1625139586666053,3.833109789389223,3.884000289774314,0.9866,0.3616,0.6697969287874973,1.0032048500044384,1.0046079945853665,0.0,185
2,EVELYN68961,8840eb7,plain,effect,0.5,7,2.0695209493795685,0.0,0.0,0.0,1.623743274790419,2.0213174291385547,0.6788,0.1718,0.18431941269014987,1.0002898828629296,1.0031692843761344,0.0,81
2,EVELYN68961,8840eb7,joint,effect,0.5,7,2.0695209493795685,-0.029623095700760133,-0.2058779229716281,0.15017247092937974,2.3255540375530765,2.6207925580808684,0.9916,0.2238,0.28887551998229866,1.0021902503706694,1.004417307114327,0.0,186
2,EVELYN68961,8840eb7,plain,effect,1.0,7,3.2859280896429004,0.0,0.0,0.0,3.132401517527648,3.1929625361458043,0.1634,0.3002,0.4571956750196775,1.0002056842320024,1.0044258950845197,0.0,83
2,EVELYN68961,8840eb7,joint,effect,1.0,7,3.2859280896429004,-0.013121568369430136,-0.18272153244010553,0.16727736484981223,3.4185839508702904,3.4756982353184527,0.9982,0.3196,0.5198127279526746,1.0031677531270888,1.0049756218869466,0.0,182
2,EVELYN68961,8840eb7,plain,none,0.0,8,0.3657875341988507,0.0,0.0,0.0,-0.3669384474524191,1.1175303637382106,0.9906,0.106,0.07528303620460022,1.0028268584510984,1.0056444552758876,0.0,84
2,EVELYN68961,8840eb7,joint,none,0.0,8,0.3657875341988507,-0.03060782332121981,-0.20498893905841553,0.14484299840343196,0.33410525296060134,1.0852415645111015,1.0,0.0938,0.06030563945336123,1.0012834747195278,1.0068863970936708,0.0,200
2,EVELYN68961,8840eb7,plain,linear,0.5,8,1.9165158251201764,0.0,0.0,0.0,1.091700383325866,1.6738549759451333,0.8362,0.1446,0.1413333676965431,1.0033848554577514,1.0055092094455576,0.0,85
2,EVELYN68961,8840eb7,joint,linear,0.5,8,1.9165158251201764,-0.019524461609426013,-0.1876559073556699,0.14831805360089026,1.5497852875849918,1.9974532225748562,0.9962,0.1666,0.18034603340485897,1.0025629429925018,1.0043534100050555,0.0,193
2,EVELYN68961,8840eb7,plain,linear,1.0,8,4.532424912354975,0.0,0.0,0.0,4.0426156516669645,4.132567562264514,0.0786,0.3822,0.7305560654568845,1.0018301218255574,1.0043260395482576,0.0,85
2,EVELYN68961,8840eb7,joint,linear,1.0,8,4.532424912354975,0.009089089080980476,-0.16186665041350426,0.17700762779407117,3.835037463756152,3.9335430207604523,0.813,0.368,0.673599912710775,1.0020610147009612,1.0033547162528378,0.0,194
2,EVELYN68961,8840eb7,plain,threshold,0.5,8,1.6063210908432055,0.0,0.0,0.0,0.7222095387356651,1.572534752281172,0.887,0.139,0.12148061835815138,1.0004155761797762,1.003034968664867,0.0,88
2,EVELYN68961,8840eb7,joint,threshold,0.5,8,1.6063210908432055,-0.024089919223826903,-0.18767084783135327,0.14935065463532665,1.2907758985895188,1.9062403290267396,0.9956,0.1584,0.1676478246033553,1.0007224576002853,1.0043508655355995,0.0,200
2,EVELYN68961,8840eb7,plain,threshold,1.0,8,3.5771053831880097,0.0,0.0,0.0,3.053104637976864,3.1582407108766755,0.257,0.3108,0.4760196798420467,0.9996577230230278,1.0041123412427337,0.0,92
2,EVELYN68961,8840eb7,joint,threshold,1.0,8,3.5771053831880097,0.0012906758123166146,-0.16498662933343877,0.16499633425070315,3.027932937982451,3.134226101897287,0.9798,0.3092,0.4713324295937715,1.0018151412452387,1.0043591163312018,0.0,188
2,EVELYN68961,8840eb7,plain,effect,0.5,8,1.6484758933090593,0.0,0.0,0.0,0.8015394168547324,1.4728709954650485,0.9008,0.1284,0.10905309460721002,1.0016183617004188,1.0085455533457424,0.0,92
2,EVELYN68961,8840eb7,joint,effect,0.5,8,1.6484758933090593,-0.024582683418234226,-0.1965691446449512,0.14322415006067132,1.3826519982233982,1.8418547222453399,0.9988,0.1556,0.15733290744301143,1.0011904527787827,1.0046706945975703,0.0,194
2,EVELYN68961,8840eb7,plain,effect,1.0,8,3.4058003758382176,0.0,0.0,0.0,2.851455005208499,2.9385647148165774,0.2788,0.293,0.4154975882762853,1.0001748773364434,1.004543641990783,0.0,91
2,EVELYN68961,8840eb7,joint,effect,1.0,8,3.4058003758382176,-0.0006379445172859984,-0.1616502008155067,0.1551080863172024,2.862762313675262,2.948273323080836,0.9914,0.2932,0.4154930848128445,1.0041483937042401,1.0054423773559518,0.0,189
2,EVELYN68961,8840eb7,plain,none,0.0,9,0.6911275228082184,0.0,0.0,0.0,-0.03482998122082301,1.2377839561349904,0.9764,0.0704,0.032625361931312796,1.000801678243355,1.0059349429387616,0.0,87
2,EVELYN68961,8840eb7,joint,none,0.0,9,0.6911275228082184,0.005363354711494928,-0.16777832956596656,0.17397691494638398,-0.15541179952155373,1.2429335410126585,1.0,0.0684,0.03046795164007792,1.0046169990753915,1.0051037249922103,0.0,199
2,EVELYN68961,8840eb7,plain,linear,0.5,9,1.814147873188834,0.0,0.0,0.0,1.3108770780133514,1.8667229524304705,0.7512,0.1256,0.08802273218994817,1.000588778043005,1.003721255120939,0.0,93
2,EVELYN68961,8840eb7,joint,linear,0.5,9,1.814147873188834,-0.003145592452805337,-0.19200728192105884,0.18161163463731045,1.3959830329202194,1.9229681416714328,0.9988,0.1316,0.09631701784526164,1.0016071487841895,1.003942011326145,0.0,204
2,EVELYN68961,8840eb7,plain,threshold,0.5,9,1.3877543052807553,0.0,0.0,0.0,0.9210196576256068,1.5371647201589245,0.8638,0.1014,0.05993253428566593,0.9997836744623246,1.0050373017874454,0.0,92
2,EVELYN68961,8840eb7,joint,threshold,0.5,9,1.3877543052807553,-0.010872941040328602,-0.18741485644946862,0.16733717690722336,1.1768845615431502,1.7055935305110526,1.0,0.119,0.07967326655376003,0.9996336381144629,1.0017726233884663,0.0,198
2,EVELYN68961,8840eb7,plain,linear,1.0,9,4.172511438372708,0.0,0.0,0.0,3.882544099364584,4.018303333565515,0.1202,0.3192,0.5122668273555206,0.9994681068419714,1.0032875150653766,0.0,92
2,EVELYN68961,8840eb7,joint,linear,1.0,9,4.172511438372708,0.014898550583900714,-0.18867234246943698,0.22139511037720644,3.5238992733093117,3.672253372979867,0.997,0.2912,0.43127897382872615,1.0020702511259185,1.0027323883302581,0.0,206
2,EVELYN68961,8840eb7,plain,threshold,1.0,9,3.0938233589394994,0.0,0.0,0.0,2.8774790749114096,3.0725102665524417,0.3656,0.2422,0.31051845828388785,0.9999683125543336,1.006260684449495,0.0,94
2,EVELYN68961,8840eb7,joint,threshold,1.0,9,3.0938233589394994,0.0030904750145547845,-0.1744673063248386,0.18070420565653003,2.8039454314139847,3.0003522999161,1.0,0.2374,0.2979123737271591,1.0017608495768895,1.0032969207858347,0.0,199
2,EVELYN68961,8840eb7,plain,effect,0.5,9,1.504015621549638,0.0,0.0,0.0,0.9972484684534945,1.666007976474937,0.8168,0.1114,0.07227867802022185,1.0004423283887522,1.003488965637428,0.0,92
2,EVELYN68961,8840eb7,joint,effect,0.5,9,1.504015621549638,-0.010336940335856276,-0.17979454345343382,0.16131880218101827,1.240391020467579,1.8217431769926342,0.9982,0.1252,0.08919222781327771,1.0026529567436382,1.002623212996833,0.0,196
2,EVELYN68961,8840eb7,plain,effect,1.0,9,2.988868398169123,0.0,0.0,0.0,2.678798124839832,2.8928570978798245,0.3786,0.2436,0.31608892506670316,1.0003248579921933,1.005130500187613,0.0,92
2,EVELYN68961,8840eb7,joint,effect,1.0,9,2.988868398169123,0.0021288614012615285,-0.1647642462836801,0.1676539570064903,2.630333940412011,2.8508113256030767,0.9812,0.242,0.31186457072823714,1.0033122082964903,1.0060861300004587,0.0,194
2,EVELYN68961,8840eb7,plain,none,0.0,10,0.4645819142715721,0.0,0.0,0.0,0.3408121395483553,1.1352781736610036,0.9764,0.089,0.05125752439482076,1.0017155711457495,1.0047237874226662,0.0,97
2,EVELYN68961,8840eb7,joint,none,0.0,10,0.4645819142715721,0.009453479154174578,-0.1517017349366186,0.16786103690486276,0.1334294188569776,1.0826020337404856,1.0,0.0824,0.04483094430620317,1.0017335557851936,1.0023535805802197,0.0,187
2,EVELYN68961,8840eb7,plain,linear,0.5,10,1.810542504896067,0.0,0.0,0.0,1.8978656941629606,2.2953886493184235,0.5966,0.1866,0.22417093393798568,0.9997125169956517,1.0043595690998484,0.0,100
2,EVELYN68961,8840eb7,joint,linear,0.5,10,1.810542504896067,0.0034899573128842616,-0.1625511855483741,0.17581158040827044,1.8042057218352836,2.2132505548183468,0.997,0.1792,0.21006374695610894,0.9995174504289123,1.0014599676089322,0.0,194
2,EVELYN68961,8840eb7,plain,threshold,0.5,10,1.4331143671130393,0.0,0.0,0.0,1.54300020725234,2.063275063734809,0.6882,0.17,0.19432896266162705,0.9997758870071135,1.0035020512661013,0.0,92
2,EVELYN68961,8840eb7,joint,threshold,0.5,10,1.4331143671130393,0.0012000757355348814,-0.16255039804076696,0.17093570514161258,1.5049764308583056,2.026858358952768,0.9986,0.1656,0.18510830577970283,1.001936975765443,1.0032873602649452,0.0,198
2,EVELYN68961,8840eb7,plain,threshold,1.0,10,3.957789121462139,0.0,0.0,0.0,4.403362970433703,4.793242878916337,0.1516,0.3922,0.8923411990239547,1.0010015308133815,1.005982353493936,0.0,92
2,EVELYN68961,8840eb7,joint,threshold,1.0,10,3.957789121462139,0.010645768697480674,-0.15068908052198254,0.1707439441695002,4.145704894804113,4.554063585674347,0.5698,0.3768,0.8299414575718245,1.0039317060796724,1.0047678188640055,0.0,198
2,EVELYN68961,8840eb7,plain,linear,1.0,10,5.040163397218564,0.0,0.0,0.0,5.387333935960674,5.590005291832134,0.0502,0.439,1.0804921165715249,1.001672411719925,1.005355266117837,0.0,93
2,EVELYN68961,8840eb7,joint,linear,1.0,10,5.040163397218564,0.0179806179422467,-0.17193680878126752,0.20111653924608833,4.952206943231055,5.16741682345787,0.4984,0.4198,0.9867491358514624,1.0008366608930745,1.0043249212791265,0.0,208
2,EVELYN68961,8840eb7,plain,effect,0.5,10,1.4623436364400186,0.0,0.0,0.0,1.5133987952632508,2.048655077032888,0.6892,0.1652,0.1835215691809311,1.000687892155405,1.0047088471190544,0.0,99
2,EVELYN68961,8840eb7,joint,effect,0.5,10,1.4623436364400186,0.00015850738498851937,-0.16745510371800054,0.17092599734586658,1.4957340022314913,2.0299310816347806,0.9974,0.1644,0.18060715675741015,1.0012077318971857,1.0031962289919256,0.0,193
2,EVELYN68961,8840eb7,plain,effect,1.0,10,3.766734152596528,0.0,0.0,0.0,3.9956710024802087,4.417215937745674,0.185,0.3552,0.7477422277697778,1.000232451707012,1.003876617017479,0.0,83
2,EVELYN68961,8840eb7,joint,effect,1.0,10,3.766734152596528,0.008518967083686732,-0.15565818117827637,0.17426870397032312,3.791032713956856,4.227962500492583,0.6162,0.3396,0.6848931393316249,1.002557249831509,1.0045349176230187,0.0,178
2,EVELYN68961,8840eb7,plain,none,0.0,11,0.7677046123379595,0.0,0.0,0.0,0.1704766260323432,1.0521197521055972,0.9928,0.0996,0.0650234913378252,1.0013199333342646,1.0039622633420804,0.0,81
2,EVELYN68961,8840eb7,joint,none,0.0,11,0.7677046123379595,-0.015716008407860856,-0.19772755248776322,0.1762304384309452,0.5214802662496091,1.156230615963805,1.0,0.1074,0.07714018520751936,1.0006519119615955,1.0034229762602216,0.0,188
2,EVELYN68961,8840eb7,plain,linear,0.5,11,2.018113053550658,0.0,0.0,0.0,1.2344834267258142,1.7313560310534588,0.7802,0.1518,0.14039437894697304,1.000966003918612,1.0038860137584795,0.0,80
2,EVELYN68961,8840eb7,joint,linear,0.5,11,2.018113053550658,-0.019161704930368374,-0.20182326693056465,0.15632335655422222,1.6871722694152271,2.0598602764292435,0.9958,0.1784,0.18498211876402273,1.0001046214332736,1.0030514199761442,0.0,187
2,EVELYN68961,8840eb7,plain,linear,1.0,11,4.559783232190976,0.0,0.0,0.0,3.817324344672637,3.9617402982025522,0.144,0.3502,0.6308381260378056,1.0003545757430818,1.0038328442206967,0.0,81
2,EVELYN68961,8840eb7,joint,linear,1.0,11,4.559783232190976,1.0606224367909479e-06,-0.17511075602646814,0.17338208222238563,3.818639272149815,3.9634461125684353,0.8322,0.3504,0.6313508510163472,1.0005996307808116,1.00279788015386,0.0,193
2,EVELYN68961,8840eb7,plain,threshold,0.5,11,1.6694981948176395,0.0,0.0,0.0,0.8565804701710799,1.3803599993476674,0.913,0.1232,0.09435317910449947,1.0001010514440583,1.0054401393316845,0.0,87
2,EVELYN68961,8840eb7,joint,threshold,0.5,11,1.6694981948176395,-0.017111758393316315,-0.1851276585224572,0.15404862716978915,1.267639330779686,1.6572495463984922,0.9998,0.1472,0.1305337317334219,1.000433576052351,1.0029488787255512,0.0,174
2,EVELYN68961,8840eb7,plain,threshold,1.0,11,3.5610237361780466,0.0,0.0,0.0,2.7709902422255923,2.9647149271385436,0.356,0.274,0.3989034850427749,0.9999214658995561,1.0042670152871367,0.0,89
2,EVELYN68961,8840eb7,joint,threshold,1.0,11,3.5610237361780466,-0.006674228797158067,-0.167727235939404,0.14769562512775708,2.9323235052764707,3.1143735098253194,0.9278,0.2836,0.42337828395716814,1.001427433946874,1.0034505526899742,0.0,167
2,EVELYN68961,8840eb7,plain,effect,0.5,11,1.6101266518769333,0.0,0.0,0.0,0.7960001930332494,1.34827011513781,0.9148,0.1174,0.08630419679271499,1.000811705673429,1.0052783102501006,0.0,90
2,EVELYN68961,8840eb7,joint,effect,0.5,11,1.6101266518769333,-0.018304202528334642,-0.18919485158553498,0.15016380292164955,1.2243871511660585,1.6270556532007876,0.9998,0.1458,0.12665676071592483,1.0006700551877357,1.0037351237791148,0.0,179
2,EVELYN68961,8840eb7,plain,effect,1.0,11,3.365940241980512,0.0,0.0,0.0,2.546617509945011,2.6970809649321503,0.3846,0.2612,0.3541273235457459,1.0029686872525738,1.006821935053873,0.0,87
2,EVELYN68961,8840eb7,joint,effect,1.0,11,3.365940241980512,-0.006947329189023666,-0.1632060767195416,0.14853465944355443,2.7068162700202922,2.8478921161840947,0.9766,0.275,0.38913286963564914,1.001209981364525,1.004229190187034,0.0,164
2,EVELYN68961,8840eb7,plain,none,0.0,12,1.4014061110215974,0.0,0.0,0.0,0.8290116078821621,1.0728818948017782,0.9882,0.1094,0.0768244085806234,0.9999559894892966,1.0055210638206609,0.0,90
2,EVELYN68961,8840eb7,joint,none,0.0,12,1.4014061110215974,-0.01720627987924071,-0.18369438487574818,0.14773570303986272,1.2351259747250956,1.4067001328192952,1.0,0.151,0.12720615797523555,1.0020825783972853,1.0055518330223217,0.0,157
2,EVELYN68961,8840eb7,plain,linear,0.5,12,2.49175288534517,0.0,0.0,0.0,2.1848026997133543,2.24638207254145,0.5548,0.244,0.2823095587400642,1.0032436162588498,1.0056441634104454,0.0,85
2,EVELYN68961,8840eb7,joint,linear,0.5,12,2.49175288534517,-0.012202437764657256,-0.18367911031137502,0.16141281656994075,2.4597332744949316,2.512740970702647,1.0,0.2678,0.338651151546568,1.0010575094810201,1.0045129164286641,0.0,164
2,EVELYN68961,8840eb7,plain,linear,1.0,12,4.905235065034037,0.0,0.0,0.0,4.863957661040512,4.9296687492092905,0.012,0.4404,0.9893006414704636,1.0013324396426542,1.0043318112890425,0.0,87
2,EVELYN68961,8840eb7,joint,linear,1.0,12,4.905235065034037,-0.011202011507020073,-0.2002762972492801,0.1757659810130069,5.120295455777566,5.187817075867032,0.4882,0.4546,1.0654944274470957,1.001586950086835,1.0044278283417665,0.0,172
2,EVELYN68961,8840eb7,plain,threshold,0.5,12,2.195714973364162,0.0,0.0,0.0,1.8443113558974362,1.9098346717912569,0.7742,0.2156,0.22221507899361095,1.000059932651782,1.004761123876665,0.0,79
2,EVELYN68961,8840eb7,joint,threshold,0.5,12,2.195714973364162,-0.015725101073909235,-0.1849003882524183,0.16693661546879338,2.214563856529052,2.2709372922140387,1.0,0.247,0.2876045992915339,1.0005600195488678,1.0031294548545646,0.0,161
2,EVELYN68961,8840eb7,plain,threshold,1.0,12,3.9630595011103886,0.0,0.0,0.0,3.9206958135741656,4.030181033833992,0.0848,0.3794,0.7166894483325679,1.0009502868097166,1.0038095810917111,0.0,78
2,EVELYN68961,8840eb7,joint,threshold,1.0,12,3.9630595011103886,-0.012642860541042187,-0.18080623932218676,0.15925959292544362,4.230962874751719,4.338937530107323,0.7444,0.3994,0.798513804765936,1.000448490280699,1.0045005475006517,0.0,166
2,EVELYN68961,8840eb7,plain,effect,0.5,12,2.210229224428535,0.0,0.0,0.0,1.8904790474164164,1.968274041149365,0.7102,0.217,0.22568468211449336,1.0002904290318455,1.0044001189496456,0.0,77
2,EVELYN68961,8840eb7,joint,effect,0.5,12,2.210229224428535,-0.017607955763581616,-0.19045633341660295,0.1445161077869736,2.2853891917836577,2.353141973168577,1.0,0.2502,0.2966584156478864,1.001406075505945,1.0041632036152928,0.0,164
2,EVELYN68961,8840eb7,plain,effect,1.0,12,3.748110192288071,0.0,0.0,0.0,3.650164915812359,3.803588780708529,0.1288,0.3652,0.6704554027849065,1.0005461275361403,1.0049623709512736,0.0,78
2,EVELYN68961,8840eb7,joint,effect,1.0,12,3.748110192288071,-0.011653578301294721,-0.17546304211881528,0.15784744857106156,3.9246690262060433,4.071028901101937,0.7282,0.3822,0.7321089288593354,1.0032260393011498,1.0045883228242083,0.0,165
2,EVELYN68961,8840eb7,plain,none,0.0,13,-0.045610602097883465,0.0,0.0,0.0,0.16239422949681404,1.3838471214861916,0.9306,0.112,0.08556599203094334,1.0002896810072281,1.005705567804183,0.0,81
2,EVELYN68961,8840eb7,joint,none,0.0,13,-0.045610602097883465,-0.007491219024198153,-0.16824895612622104,0.1553828059989512,0.3193597489356242,1.4043528271305012,1.0,0.1158,0.09123246818690427,1.0010536471796765,1.003241927527,0.0,167
2,EVELYN68961,8840eb7,plain,linear,0.5,13,0.6961877702811288,0.0,0.0,0.0,1.2995264361866727,1.7556740067715217,0.7994,0.1666,0.1672407303055601,1.001398560276189,1.0040983556641352,0.0,85
2,EVELYN68961,8840eb7,joint,linear,0.5,13,0.6961877702811288,0.010454633606091782,-0.15959431524814843,0.1794148768448995,1.045111051725889,1.586468435802504,1.0,0.1472,0.1367962978800891,1.0013747559062816,1.0029833346038102,0.0,167
2,EVELYN68961,8840eb7,plain,linear,1.0,13,3.6296255037768903,0.0,0.0,0.0,4.080046035892405,4.287571429091146,0.127,0.407,0.8525158939033194,1.0019805135178492,1.0034296421229703,0.0,86
2,EVELYN68961,8840eb7,joint,linear,1.0,13,3.6296255037768903,0.01741288618142434,-0.158795058321766,0.19445066787306145,3.651720116369227,3.8829181086106264,0.8748,0.3842,0.7579082909289883,1.0010348907963957,1.002750640134594,0.0,170
2,EVELYN68961,8840eb7,plain,threshold,0.5,13,0.4581203461304968,0.0,0.0,0.0,1.044820814464059,1.482720543815945,0.8946,0.1402,0.120063718558496,1.0006059954016282,1.004379844176708,0.0,88
2,EVELYN68961,8840eb7,joint,threshold,0.5,13,0.4581203461304968,0.009412919862359221,-0.15225234761830858,0.17662585898581065,0.8225101256353972,1.3300129319776532,1.0,0.123,0.09811539320326974,1.0025165003668588,1.00304080512506,0.0,160
2,EVELYN68961,8840eb7,plain,threshold,1.0,13,2.898643804244144,0.0,0.0,0.0,3.4162169719265814,3.684570004221348,0.2374,0.3672,0.7012043930068573,1.0006126873155285,1.0048926428479366,0.0,84
2,EVELYN68961,8840eb7,joint,threshold,1.0,13,2.898643804244144,0.011428167668743792,-0.1493202140619226,0.16830569262691414,3.1263177093103183,3.4107691497826442,0.8966,0.3468,0.6271651226859973,0.9998616404155399,1.0022538301969002,0.0,161
2,EVELYN68961,8840eb7,plain,effect,1.0,13,2.5383416950350837,0.0,0.0,0.0,2.937822338864203,3.308140314363521,0.3268,0.337,0.6072547948004003,1.000437065284505,1.0039875630979955,0.0,76
2,EVELYN68961,8840eb7,joint,effect,1.0,13,2.5383416950350837,0.006082547091494003,-0.14627295283472402,0.1612125161712599,2.80200101385455,3.1879015377955597,0.8708,0.3214,0.5592258165002694,1.0012362833584614,1.0048113994634054,0.0,145
2,EVELYN68961,8840eb7,plain,effect,0.5,13,0.4314746622973429,0.0,0.0,0.0,1.021917801540104,1.567734206214804,0.86,0.1464,0.1350996266997688,1.0010064771595952,1.0037461070679876,0.0,77
2,EVELYN68961,8840eb7,joint,effect,0.5,13,0.4314746622973429,0.005511904033331182,-0.15623462771307164,0.16754032057260498,0.8863920267248279,1.485861806998524,1.0,0.137,0.11995491591064683,1.0035443763752676,1.0046827938271434,0.0,153
2,EVELYN68961,8840eb7,plain,none,0.0,14,0.015400610863915615,0.0,0.0,0.0,-0.08253801887497708,1.3272598438406498,0.9454,0.1104,0.08206723816486519,1.0005913320661064,1.004724062211834,0.0,74
2,EVELYN68961,8840eb7,joint,none,0.0,14,0.015400610863915615,0.02260875077279331,-0.14137367513303156,0.19499306482766274,-0.6052533996482894,1.428984560537267,0.9998,0.1178,0.09095899157152337,1.0024328098338742,1.0035502731562802,0.0,157
2,EVELYN68961,8840eb7,plain,linear,0.5,14,0.7796775277515665,0.0,0.0,0.0,0.6787270487196527,1.508781864022513,0.9118,0.1426,0.13390335496920897,1.00066343232096,1.00481275319709,0.0,81
2,EVELYN68961,8840eb7,joint,linear,0.5,14,0.7796775277515665,0.019183609275311358,-0.13821692689070278,0.17943896734315565,0.22213773930218855,1.343928670986849,1.0,0.1326,0.11485343672276421,1.0002541392021727,1.0030719255451008,0.0,149
2,EVELYN68961,8840eb7,plain,threshold,0.5,14,0.476575115067453,0.0,0.0,0.0,0.35243158219983073,1.3927087549396082,0.9274,0.1358,0.12338612736402715,1.000378577170366,1.0049974296917872,0.0,82
2,EVELYN68961,8840eb7,joint,threshold,0.5,14,0.476575115067453,0.0151307271692446,-0.13892081946416196,0.16851936492941275,-0.004937387431391382,1.3376484954788703,1.0,0.135,0.11713521315120169,1.0014149429480652,1.0039217587343425,0.0,155
2,EVELYN68961,8840eb7,plain,linear,1.0,14,4.132672085230633,0.0,0.0,0.0,4.276370288911781,4.626929071662205,0.1572,0.3694,0.7416383251660001,1.000526963318491,1.0053616414463433,0.0,84
2,EVELYN68961,8840eb7,joint,linear,1.0,14,4.132672085230633,0.0250023993700593,-0.1543058961241757,0.20054121478169423,3.6668713858510515,4.068725340005926,0.7898,0.3336,0.6209042119375325,1.0016060854787923,1.003937192434321,0.0,158
2,EVELYN68961,8840eb7,plain,threshold,1.0,14,3.279549647457605,0.0,0.0,0.0,3.403679710823257,3.9114542116341884,0.3026,0.325,0.6139626751576502,1.0014011955070894,1.0048687148020319,0.0,84
2,EVELYN68961,8840eb7,joint,threshold,1.0,14,3.279549647457605,0.011685520090515692,-0.14776987294207536,0.16788886561565694,3.128085899572229,3.6546761589089716,0.7724,0.3098,0.567538949768926,1.0003601112455431,1.0029703906146097,0.0,148
2,EVELYN68961,8840eb7,plain,effect,0.5,14,0.4929696391206041,0.0,0.0,0.0,0.3706131428025198,1.4589301288277008,0.921,0.142,0.13496250719548006,1.000823865619343,1.0051235881558327,0.0,87
2,EVELYN68961,8840eb7,joint,effect,0.5,14,0.4929696391206041,0.016757247641139558,-0.1343189424516165,0.17191577404120434,-0.024143508857601775,1.3907293029172954,0.9996,0.1392,0.1252044580379481,1.0021611951933824,1.0041078540755186,0.0,133
2,EVELYN68961,8840eb7,plain,effect,1.0,14,2.9909429079797416,0.0,0.0,0.0,3.082706308820267,3.6965791956428387,0.343,0.2986,0.5337262944966896,1.0009244563742035,1.0069785010094014,0.0,69
2,EVELYN68961,8840eb7,joint,effect,1.0,14,2.9909429079797416,0.012926828978627505,-0.14283518500376927,0.16568998043745392,2.7984387449536197,3.458759542575534,0.7748,0.281,0.4843058575561903,1.0013690727623792,1.002525059294654,0.0,146
2,EVELYN68961,8840eb7,plain,none,0.0,15,0.15679083647737235,0.0,0.0,0.0,-0.23855176267306422,1.7215195369704017,0.8176,0.1642,0.1854669117472357,1.0000343096157183,1.004114038829766,0.0,68
2,EVELYN68961,8840eb7,joint,none,0.0,15,0.15679083647737235,-0.006102836208111838,-0.16792219000022202,0.15781969844033247,-0.1075213892854718,1.713678644544048,0.9978,0.1634,0.1825938986313541,1.0017544289025075,1.0039792789753188,0.0,153
2,EVELYN68961,8840eb7,plain,linear,0.5,15,2.3662947444632576,0.0,0.0,0.0,1.8083310844038083,2.4218023184398683,0.5836,0.2112,0.30524344425268507,0.9998984334885819,1.0044745749222834,0.0,74
2,EVELYN68961,8840eb7,joint,linear,0.5,15,2.3662947444632576,0.007852091950642905,-0.15244854824896217,0.1677365822808665,1.6106002115626998,2.284001563227308,0.9398,0.1968,0.2702586401190719,1.00117077730523,1.0037588388264367,0.0,157
2,EVELYN68961,8840eb7,plain,linear,1.0,15,4.783329775840861,0.0,0.0,0.0,4.570612587402473,4.731260968408149,0.0696,0.3732,0.7608648291397363,1.0007915930363145,1.005819746496194,0.0,75
2,EVELYN68961,8840eb7,joint,linear,1.0,15,4.783329775840861,0.016296394832852775,-0.15423107110539627,0.1961008882097402,4.166507018588043,4.350718451571995,0.667,0.3442,0.6544164183410656,1.0012253130447226,1.0026905767830483,0.0,159
2,EVELYN68961,8840eb7,plain,threshold,0.5,15,2.0718263584182997,0.0,0.0,0.0,1.4548780847264053,2.1958777245970067,0.656,0.1926,0.256202374413459,1.0001316382793604,1.0032799883440084,0.0,74
2,EVELYN68961,8840eb7,joint,threshold,0.5,15,2.0718263584182997,0.0025285213224095267,-0.15952681304820432,0.16583797316740587,1.3906606437881976,2.1563072142658934,0.9594,0.1896,0.24637152236092807,1.000282903399902,1.0027069117191787,0.0,149
2,EVELYN68961,8840eb7,plain,threshold,1.0,15,3.8924269830787623,0.0,0.0,0.0,3.5767751208380227,3.729710349236976,0.1778,0.3118,0.5324909782763877,0.9998973185338581,1.0037686327412823,0.0,76
2,EVELYN68961,8840eb7,joint,threshold,1.0,15,3.8924269830787623,0.005085626982328121,-0.15671262852513657,0.15769722590180116,3.4628619735207873,3.6200289963900065,0.7618,0.305,0.5104575109000632,1.0028621898071257,1.004190128896004,0.0,146
2,EVELYN68961,8840eb7,plain,effect,0.5,15,2.0359923578965096,0.0,0.0,0.0,1.4326197299811354,2.099796595876664,0.6612,0.182,0.22697927203638046,0.9999090565996931,1.0048240027222175,0.0,80
2,EVELYN68961,8840eb7,joint,effect,0.5,15,2.0359923578965096,0.00043204677991701834,-0.1591276451733056,0.1586155685112384,1.437116946044895,2.110552546392597,0.9628,0.1828,0.22988938592884106,1.0022120179278529,1.0053724383326577,0.0,144
2,EVELYN68961,8840eb7,plain,effect,1.0,15,3.536393494029419,0.0,0.0,0.0,3.2310580709911525,3.3792566867721088,0.2084,0.275,0.41467245688997534,0.999687953997942,1.0044061013271637,0.0,79
2,EVELYN68961,8840eb7,joint,effect,1.0,15,3.536393494029419,0.012409529743925698,-0.13480298413324907,0.16619212526344168,2.948785764004758,3.1088881719144723,0.8868,0.2546,0.35864412287216035,1.0030538073145778,1.0050829501622727,0.0,135
2,EVELYN68961,8840eb7,plain,none,0.0,16,0.9599572335144793,0.0,0.0,0.0,1.023343941734273,1.579000418581082,0.8674,0.1472,0.1347083065125013,1.0011701312984822,1.004921790483603,0.0,73
2,EVELYN68961,8840eb7,joint,none,0.0,16,0.9599572335144793,0.02979463601360715,-0.15442889786492797,0.20457104214786379,0.30263770690161906,1.213586754012445,1.0,0.1122,0.08263915945877134,1.0013642710464048,1.004317269847636,0.0,154
2,EVELYN68961,8840eb7,plain,linear,0.5,16,1.9799187593074745,0.0,0.0,0.0,2.4534548671265783,2.9353309434044137,0.4636,0.3162,0.5699130889095408,0.9998857749743176,1.0047813900723268,0.0,75
2,EVELYN68961,8840eb7,joint,linear,0.5,16,1.9799187593074745,0.012177706703555717,-0.17595180100413976,0.19462267378373405,2.1624111987259766,2.6982572226008497,0.9792,0.2916,0.49196856189278143,1.0007020607976842,1.0046238690766562,0.0,159
2,EVELYN68961,8840eb7,plain,linear,1.0,16,4.589883543966107,0.0,0.0,0.0,5.070541989497744,5.304974056797039,0.0652,0.4758,1.2193583444210003,1.0022254603749858,1.0047954408954196,0.0,75
2,EVELYN68961,8840eb7,joint,linear,1.0,16,4.589883543966107,0.028187708227215183,-0.19429056707033635,0.24700173561314331,4.376300630336976,4.631203035483124,0.889,0.4554,1.1118902541594147,1.0014106327095247,1.0029909271513813,0.0,167
2,EVELYN68961,8840eb7,plain,threshold,0.5,16,1.7372647411384705,0.0,0.0,0.0,2.1767483940143046,2.7611404944775164,0.5384,0.295,0.5118096829639708,1.000481694336215,1.0046559585941683,0.0,76
2,EVELYN68961,8840eb7,joint,threshold,0.5,16,1.7372647411384705,0.011036879528607617,-0.17539056790740803,0.1923050482739364,1.910752797112458,2.5471345343705365,0.982,0.2728,0.4498408320795316,1.004678112483192,1.0057764587529245,0.0,152
2,EVELYN68961,8840eb7,plain,threshold,1.0,16,3.6589624041769815,0.0,0.0,0.0,4.105886598067044,4.526105585155783,0.1952,0.4416,1.0675161754438633,1.0001852904475788,1.0039600241043691,0.0,78
2,EVELYN68961,8840eb7,joint,threshold,1.0,16,3.6589624041769815,0.008573161838295642,-0.17427149252172763,0.19378115987612216,3.8965259183129133,4.337896597236146,0.7544,0.4326,1.0272784562686066,1.000262662844773,1.0030959730931086,0.0,156
2,EVELYN68961,8840eb7,plain,effect,0.5,16,1.6444002199281365,0.0,0.0,0.0,2.0707733703647166,2.7046975882039015,0.5478,0.2846,0.48503533380918007,1.000417128043246,1.0063857766511968,0.0,77
2,EVELYN68961,8840eb7,joint,effect,0.5,16,1.6444002199281365,0.008414369701006794,-0.17345641109526175,0.18212774603395598,1.8867666395268143,2.5657328721125503,0.9728,0.2716,0.4466185594586004,1.0016919487682965,1.005291102690956,0.0,154
2,EVELYN68961,8840eb7,plain,none,0.0,17,-1.0047048693307978,0.0,0.0,0.0,-1.2733897328582235,1.7416069890525534,0.7978,0.1084,0.07241896445135831,1.0007661189418668,1.0038960632300293,0.0,73
2,EVELYN68961,8840eb7,joint,none,0.0,17,-1.0047048693307978,-0.004521953556900322,-0.18015370010973575,0.16241000381085313,-1.1785047487613227,1.6736880586507588,1.0,0.1008,0.0638317562628168,1.0008101715054674,1.0037279669804398,0.0,149
2,EVELYN68961,8840eb7,plain,effect,1.0,16,3.3833610359475506,0.0,0.0,0.0,3.7581760605295855,4.243153309364831,0.2328,0.4148,0.9595589525696063,0.9999368949586616,1.0040377265934899,0.0,76
2,EVELYN68961,8840eb7,joint,effect,1.0,16,3.3833610359475506,0.007415401428701786,-0.1718395339689199,0.18328043250946,3.582887457158966,4.082955826705006,0.7376,0.4044,0.9165021873302605,1.0003304153079682,1.0036887569978317,0.0,157
2,EVELYN68961,8840eb7,plain,linear,0.5,17,0.9776647669177265,0.0,0.0,0.0,0.44141575822042106,1.23351525895919,0.9656,0.0572,0.022552742719143155,1.0004272608043532,1.0047882782772164,0.0,75
2,EVELYN68961,8840eb7,joint,linear,0.5,17,0.9776647669177265,-0.004671429313693467,-0.17411559416268854,0.16760669322077026,0.571744135732457,1.2874981712736833,1.0,0.0632,0.026841363094339734,1.0026002318334362,1.0036788222836124,0.0,159
2,EVELYN68961,8840eb7,plain,linear,1.0,17,4.537016992608551,0.0,0.0,0.0,4.811543621654914,5.091376765275125,0.1128,0.3334,0.5651769538260257,1.0007199905138584,1.0054951383177306,0.0,79
2,EVELYN68961,8840eb7,joint,linear,1.0,17,4.537016992608551,-0.005776677288635156,-0.17117288262022784,0.16369761317580409,4.958800846323756,5.228266422409351,0.4546,0.3442,0.6019973796445003,1.0000266549651053,1.0029425960218727,0.0,164
2,EVELYN68961,8840eb7,plain,threshold,0.5,17,0.5892712946256804,0.0,0.0,0.0,0.03507062362795017,1.3023133687108488,0.953,0.0548,0.02101465715646781,1.000958006904134,1.0033683393926915,0.0,78
2,EVELYN68961,8840eb7,joint,threshold,0.5,17,0.5892712946256804,-0.0020264348651228754,-0.17714624375217086,0.16793640701212784,0.09120416750178564,1.2931716250905303,1.0,0.054,0.020888269493638274,1.0039322122801442,1.0053198225129538,0.0,161
2,EVELYN68961,8840eb7,plain,threshold,1.0,17,3.554005383576916,0.0,0.0,0.0,3.8470657560569665,4.213446640340728,0.2478,0.2676,0.3809635321872013,1.0011563668853267,1.0064054052351834,0.0,79
2,EVELYN68961,8840eb7,joint,threshold,1.0,17,3.554005383576916,-0.00063063402757888,-0.1528651906655277,0.15324835172938323,3.845468454093855,4.210101554417785,0.6014,0.2678,0.3810956009877664,1.0012299758390175,1.0042569342533547,0.0,154
2,EVELYN68961,8840eb7,plain,effect,0.5,17,0.7125753520927685,0.0,0.0,0.0,0.16749522239182127,1.2133878174508497,0.9782,0.0514,0.018733064574495518,1.0000708043729638,1.0051219962307099,0.0,80
2,EVELYN68961,8840eb7,joint,effect,0.5,17,0.7125753520927685,-0.008362177048814437,-0.17059159760809878,0.14739555867354567,0.35152728970687463,1.2776209354687844,1.0,0.0552,0.020687073166453292,1.0014559642350336,1.0034025540574416,0.0,153
2,EVELYN68961,8840eb7,plain,effect,1.0,17,3.3435174764740037,0.0,0.0,0.0,3.576185228998069,4.025988835266907,0.293,0.2388,0.3217196163319607,1.0013069075860743,1.0054444883941418,0.0,76
2,EVELYN68961,8840eb7,joint,effect,1.0,17,3.3435174764740037,0.00026030444943360307,-0.14906072758291783,0.15519522759105964,3.5611316995328983,4.014044303106195,0.6014,0.2396,0.3231764168586559,1.001446039760604,1.0039582388080752,0.0,150
2,EVELYN68961,8840eb7,plain,none,0.0,18,0.497099399246111,0.0,0.0,0.0,0.7781481040184303,1.1398349379762707,0.9938,0.1114,0.07549577846496616,1.00244523438482,1.005347897391149,0.0,75
2,EVELYN68961,8840eb7,joint,none,0.0,18,0.497099399246111,0.010499786171738076,-0.1463684481015245,0.17947315539659653,0.5266002590424973,0.9875002195879679,1.0,0.0948,0.05670786039681389,1.0014093581921257,1.0031983698169207,0.0,148
2,EVELYN68961,8840eb7,plain,linear,0.5,18,1.1433580168250905,0.0,0.0,0.0,1.415527701180523,1.5686328028355387,0.8816,0.1408,0.09765525226660433,1.0012798541217833,1.0049876812482723,0.0,74
2,EVELYN68961,8840eb7,joint,linear,0.5,18,1.1433580168250905,0.005720505527225128,-0.15868665785168726,0.16256735078765125,1.2827976684917473,1.4470718589627067,1.0,0.1302,0.08386908453803765,1.000188175621121,1.0030441560822039,0.0,155
2,EVELYN68961,8840eb7,plain,linear,1.0,18,4.014573757729518,0.0,0.0,0.0,4.582875876363143,4.624367526511977,0.0162,0.4092,0.8410753629955913,0.9999380816785892,1.0049496462223426,0.0,71
2,EVELYN68961,8840eb7,joint,linear,1.0,18,4.014573757729518,0.001477214999921384,-0.19723644239060553,0.20298588345972712,4.557200923524803,4.6000971237111115,0.9392,0.4064,0.8291798972725765,1.0013295466571706,1.0035528081529852,0.0,168
2,EVELYN68961,8840eb7,plain,threshold,0.5,18,0.9041247405032162,0.0,0.0,0.0,1.1972894997388985,1.386461834109254,0.9458,0.1254,0.08266751525907387,1.0005721678921997,1.0045638371135355,0.0,73
2,EVELYN68961,8840eb7,joint,threshold,0.5,18,0.9041247405032162,0.004085126937690428,-0.16271865481479383,0.16680778372332924,1.0932742387486407,1.294724711474285,1.0,0.1154,0.07109884644719068,1.0005724199690855,1.0023871683875838,0.0,156
2,EVELYN68961,8840eb7,plain,effect,0.5,18,0.8801941819536665,0.0,0.0,0.0,1.1340396220458961,1.3837230176413855,0.9198,0.1182,0.0760491294390009,1.0007527592545549,1.006651831048338,0.0,74
2,EVELYN68961,8840eb7,joint,effect,0.5,18,0.8801941819536665,0.00945726325501197,-0.1405609367723284,0.16273326674183097,0.9012093388239645,1.186952055869466,1.0,0.0994,0.055000738867605946,1.0012475074190113,1.0024999007209514,0.0,145
2,EVELYN68961,8840eb7,plain,threshold,1.0,18,3.1450267597313517,0.0,0.0,0.0,3.723736965420088,3.8469015558898687,0.128,0.3452,0.6078259147337364,1.0017631713882151,1.004564455689809,0.0,76
2,EVELYN68961,8840eb7,joint,threshold,1.0,18,3.1450267597313517,0.006057535595050861,-0.1687234319965452,0.17063495896553524,3.5769125920505256,3.7027205729958403,0.93,0.3324,0.5643665985900589,1.0014721619237696,1.0052669112794175,0.0,155
2,EVELYN68961,8840eb7,plain,effect,1.0,18,3.017701060161239,0.0,0.0,0.0,3.4994587409105367,3.652321884281195,0.1492,0.3268,0.5530874798818105,1.0002728695591068,1.004261305553033,0.0,81
2,EVELYN68961,8840eb7,joint,effect,1.0,18,3.017701060161239,0.009002839058053528,-0.15672864525609692,0.1738656971631622,3.2950484188997295,3.4540618978005515,0.9034,0.3112,0.500874668524333,1.0005979008609316,1.0038717639493666,0.0,161
2,EVELYN68961,8840eb7,plain,none,0.0,19,-0.28154261899800637,0.0,0.0,0.0,-0.36168527254565075,1.4500920523045906,0.9224,0.1356,0.1155159180042555,1.0005305087475902,1.004786873171474,0.0,81
2,EVELYN68961,8840eb7,joint,none,0.0,19,-0.28154261899800637,-4.775626412012069e-05,-0.16961408114929044,0.16828097289095628,-0.3691918768269876,1.4497272376728902,0.9988,0.1352,0.11494279004286623,1.0004734293652078,1.0035312661341804,0.0,159
2,EVELYN68961,8840eb7,plain,linear,0.5,19,2.050519179634726,0.0,0.0,0.0,1.9675449597196568,2.045442211142136,0.6744,0.2112,0.2061777561991148,1.001443083676471,1.0047886233550398,0.0,79
2,EVELYN68961,8840eb7,joint,linear,0.5,19,2.050519179634726,0.009185453926911495,-0.1675333282379367,0.18379765857736277,1.7506464614573254,1.83584394505136,1.0,0.1926,0.17388996522500405,1.0001093381677126,1.0028512944338546,0.0,162
2,EVELYN68961,8840eb7,plain,linear,1.0,19,4.665941244296905,0.0,0.0,0.0,4.306817986038296,4.49351879005994,0.104,0.3864,0.7451850803367271,1.0001545370762424,1.0049359819144286,0.0,81
2,EVELYN68961,8840eb7,joint,linear,1.0,19,4.665941244296905,0.020947477826644727,-0.18308936588261393,0.2154407771206085,3.8061645008687677,4.022617656613743,0.879,0.3502,0.6148737149827386,1.0013144114806851,1.0024865376544991,0.0,166
2,EVELYN68961,8840eb7,plain,threshold,0.5,19,1.831611868468759,0.0,0.0,0.0,1.728256191537408,1.8048260405024048,0.8006,0.1906,0.16897340383960996,1.000096751298242,1.0033785631967447,0.0,77
2,EVELYN68961,8840eb7,joint,threshold,0.5,19,1.831611868468759,0.011218461822700337,-0.15882850046238486,0.17698366732797735,1.4672491972697213,1.5581600051073676,1.0,0.1698,0.135926529740304,1.0016143363111703,1.003910519420928,0.0,154
2,EVELYN68961,8840eb7,plain,threshold,1.0,19,3.8627866168842733,0.0,0.0,0.0,3.482365520318213,3.6947206998267887,0.2142,0.3302,0.5415494616378607,1.0011474753687486,1.0047746304534275,0.0,77
2,EVELYN68961,8840eb7,joint,threshold,1.0,19,3.8627866168842733,0.014331374422182026,-0.17026860109089717,0.19144096017020748,3.121916834589679,3.356490255393485,0.9112,0.3,0.45148219213117546,1.0015966448646005,1.0022370837974532,0.0,158
2,EVELYN68961,8840eb7,plain,effect,0.5,19,1.8071454783785195,0.0,0.0,0.0,1.7108233102969892,1.8108154840220554,0.7868,0.1878,0.1682272140957755,1.0010104576194316,1.004550103445868,0.0,78
2,EVELYN68961,8840eb7,joint,effect,0.5,19,1.8071454783785195,0.007755686263080489,-0.1669331641236331,0.17285713553528795,1.526283892531111,1.639713194100856,1.0,0.174,0.14788566194758648,1.001381042356241,1.0027851111035075,0.0,144
2,EVELYN68961,8840eb7,plain,effect,1.0,19,3.5750037041853613,0.0,0.0,0.0,3.1369817081592304,3.324771750364513,0.247,0.29,0.4115791712043538,1.0000510572986103,1.0043079788462481,0.0,80
2,EVELYN68961,8840eb7,joint,effect,1.0,19,3.5750037041853613,0.005375245348182441,-0.15423030621190048,0.17122804051465804,3.020922705793507,3.2206503923615135,0.8984,0.2782,0.38321237785161366,1.0010752988125522,1.0042231220562197,0.0,138
