generator_version,host,shape,strength,repeat,fingerprint,python,numpy,stochtree,system,processor
2,EVELYN68961,none,0.0,0,814a61f654e9f733,3.12.13,2.5.3,0.4.5,Windows-11-10.0.26200-SP0,"Intel64 Family 6 Model 189 Stepping 1, GenuineIntel"
2,EVELYN68961,linear,0.5,0,d5537b85f638f55f,3.12.13,2.5.3,0.4.5,Windows-11-10.0.26200-SP0,"Intel64 Family 6 Model 189 Stepping 1, GenuineIntel"
2,EVELYN68961,linear,1.0,0,0dcc6b6d8d7c5971,3.12.13,2.5.3,0.4.5,Windows-11-10.0.26200-SP0,"Intel64 Family 6 Model 189 Stepping 1, GenuineIntel"
2,EVELYN68961,threshold,0.5,0,46248f3414dd9af9,3.12.13,2.5.3,0.4.5,Windows-11-10.0.26200-SP0,"Intel64 Family 6 Model 189 Stepping 1, GenuineIntel"
2,EVELYN68961,threshold,1.0,0,9714541306f0bb80,3.12.13,2.5.3,0.4.5,Windows-11-10.0.26200-SP0,"Intel64 Family 6 Model 189 Stepping 1, GenuineIntel"
2,EVELYN68961,effect,0.5,0,101f2d8f65583232,3.12.13,2.5.3,0.4.5,Windows-11-10.0.26200-SP0,"Intel64 Family 6 Model 189 Stepping 1, GenuineIntel"
2,EVELYN68961,effect,1.0,0,2c95ac3031b5d9fa,3.12.13,2.5.3,0.4.5,Windows-11-10.0.26200-SP0,"Intel64 Family 6 Model 189 Stepping 1, GenuineIntel"
2,EVELYN68961,none,0.0,10,dd0235229e591353,3.12.13,2.5.3,0.4.5,Windows-11-10.0.26200-SP0,"Intel64 Family 6 Model 189 Stepping 1, GenuineIntel"
2,EVELYN68961,linear,0.5,10,352700df5dd7f451,3.12.13,2.5.3,0.4.5,Windows-11-10.0.26200-SP0,"Intel64 Family 6 Model 189 Stepping 1, GenuineIntel"
2,EVELYN68961,linear,1.0,10,ed61b10573d69b2d,3.12.13,2.5.3,0.4.5,Windows-11-10.0.26200-SP0,"Intel64 Family 6 Model 189 Stepping 1, GenuineIntel"
2,EVELYN68961,threshold,0.5,10,f9b5588714920a7d,3.12.13,2.5.3,0.4.5,Windows-11-10.0.26200-SP0,"Intel64 Family 6 Model 189 Stepping 1, GenuineIntel"
2,EVELYN68961,threshold,1.0,10,c544ab0813eac99e,3.12.13,2.5.3,0.4.5,Windows-11-10.0.26200-SP0,"Intel64 Family 6 Model 189 Stepping 1, GenuineIntel"
2,EVELYN68961,effect,0.5,10,89f1665d66dc637c,3.12.13,2.5.3,0.4.5,Windows-11-10.0.26200-SP0,"Intel64 Family 6 Model 189 Stepping 1, GenuineIntel"
2,EVELYN68961,effect,1.0,10,493856936ea97001,3.12.13,2.5.3,0.4.5,Windows-11-10.0.26200-SP0,"Intel64 Family 6 Model 189 Stepping 1, GenuineIntel"
