generator_version,host,code_commit,shape,strength,repeat,crude_error,bias_average,rmse_individual,coverage_95,wrong_drug,hba1c_lost,rhat_average_effect,rhat_worst_patient,share_patients_rhat_above_1.01,seconds
2,EVELYN68961PC,b468ead,none,0.0,10,0.4645819142715721,0.3350333595634897,1.5477466907827613,0.9828,0.136,0.13610488471900553,1.0002646193812421,1.0076497844287422,0.0,2757
2,EVELYN68961PC,b468ead,linear,0.5,10,1.810542504896067,1.9395531291930626,2.6194236844287526,0.7972,0.2236,0.3283419964837848,1.0001796294647258,1.0089045191857937,0.0,2774
2,EVELYN68961PC,bf0b09f,threshold,1.0,10,3.957789121462139,4.375086815098464,4.853072526019224,0.3086,0.4208,1.0301512684964513,1.0004900126475014,1.0101387309308432,0.0002,3339
2,EVELYN68961PC,bf0b09f,linear,1.0,10,5.040163397218564,5.3799264923335945,5.69137894928539,0.1418,0.4592,1.1969574849208582,1.0005662313523598,1.009491210050713,0.0,3341
2,EVELYN68961PC,bf0b09f,threshold,0.5,10,1.4331143671130393,1.5506883065327193,2.386071915158598,0.8434,0.2094,0.29616696244786733,1.0004761434382636,1.0122237728551868,0.0006,3385
2,EVELYN68961PC,bf0b09f,effect,0.5,10,1.4623436364400186,1.5199895982330172,2.391143635158118,0.842,0.208,0.28774121944047304,1.0001386426231744,1.0095483791789648,0.0,3468
2,EVELYN68961PC,bf0b09f,none,0.0,11,0.7677046123379595,0.3067818791788471,1.496287800982831,0.9792,0.1368,0.127747136850121,1.0007712532648665,1.0103196747392054,0.0004,3424
2,EVELYN68961PC,bf0b09f,effect,1.0,10,3.766734152596528,3.9333052400362134,4.434011690636654,0.3516,0.3868,0.8860492896663809,1.0000063660500371,1.0087912794878668,0.0,3470
2,EVELYN68961PC,bf0b09f,threshold,0.5,11,1.6694981948176395,1.0000843940006015,1.9324818337415568,0.9308,0.1778,0.19350771316848872,1.0007260605954287,1.0110549613100064,0.0012,3512
2,EVELYN68961PC,bf0b09f,linear,1.0,11,4.559783232190976,4.032395459932468,4.307936937045139,0.3882,0.4382,1.0349408508499949,1.000415598849798,1.0089164001719548,0.0,3524
2,EVELYN68961PC,bf0b09f,linear,0.5,11,2.018113053550658,1.3762727584793975,2.193242285470118,0.8778,0.2016,0.24378313623982867,1.0004372239020616,1.0156121686013546,0.0074,3536
2,EVELYN68961PC,bf0b09f,effect,0.5,11,1.6101266518769333,0.8920473210302842,1.9263803255857321,0.9274,0.1782,0.19516221408468137,1.00109015205974,1.0238709520758025,0.0074,3899
2,EVELYN68961PC,bf0b09f,threshold,1.0,11,3.5610237361780466,2.993469164191359,3.385122314494317,0.648,0.3412,0.6537895289624508,1.0001012673649967,1.0123632017579345,0.0008,3914
2,EVELYN68961PC,bf0b09f,effect,1.0,11,3.365940241980512,2.6937302684148188,3.1244869227654752,0.6762,0.3246,0.600403424882798,1.000811380017687,1.0076032101012076,0.0,3910
2,EVELYN68961PC,bf0b09f,none,0.0,12,1.4014061110215974,0.9922754584048277,1.7546982010015664,0.947,0.1686,0.17887574629739114,1.000477304631791,1.007922835503685,0.0,3706
2,EVELYN68961PC,bf0b09f,linear,0.5,12,2.49175288534517,2.2858805723756515,2.7455433533378906,0.6902,0.2826,0.42732083103762486,1.0001146357983466,1.0065177454470118,0.0,3705
2,EVELYN68961PC,bf0b09f,linear,1.0,12,4.905235065034037,4.86244250680411,5.110542998340472,0.1432,0.4952,1.3287070411530093,1.0003720443802404,1.006450089408411,0.0,3747
