shape,strength,model,datasets,rho,rho_low,rho_high,link_detected,bias_average,bias_sd,rmse_individual,coverage_95,wrong_drug,hba1c_lost,rhat_worst_patient
effect,0.5000,plain,10,0.0000,0.0000,0.0000,0,0.7801,0.6818,1.5424,0.8509,0.1353,0.1353,1.0060
effect,0.5000,joint,10,0.0165,-0.0749,0.1073,0,0.4497,1.2311,1.6663,0.9104,0.1502,0.1637,1.0072
effect,0.5000,plain_with_instrument,10,0.0000,0.0000,0.0000,0,0.9158,0.6797,1.6627,0.8532,0.1438,0.1538,1.0063
effect,1.0000,plain,10,0.0000,0.0000,0.0000,0,2.6467,0.5333,2.8631,0.3761,0.2599,0.3773,1.0057
effect,1.0000,joint,10,0.0515,-0.0420,0.1456,3,1.5796,1.2231,2.0622,0.8262,0.1874,0.2376,1.0051
effect,1.0000,plain_with_instrument,10,0.0000,0.0000,0.0000,0,3.0042,0.5819,3.3160,0.3686,0.2843,0.4669,1.0098
linear,0.5000,plain,10,0.0000,0.0000,0.0000,0,1.0635,0.6824,1.6908,0.8111,0.1484,0.1601,1.0057
linear,0.5000,joint,10,0.0393,-0.0533,0.1316,1,0.2557,1.2477,1.6690,0.9192,0.1520,0.1568,1.0053
linear,0.5000,plain_with_instrument,10,0.0000,0.0000,0.0000,0,1.2310,0.6837,1.8293,0.8091,0.1593,0.1842,1.0070
linear,1.0000,plain,10,0.0000,0.0000,0.0000,0,3.7724,0.5505,3.9136,0.1363,0.3479,0.6417,1.0080
linear,1.0000,joint,10,0.1300,0.0318,0.2264,7,0.9543,1.3235,1.7770,0.9194,0.1652,0.1820,1.0052
linear,1.0000,plain_with_instrument,10,0.0000,0.0000,0.0000,0,4.2637,0.5937,4.4331,0.1183,0.3759,0.7552,1.0056
none,0.0000,plain,10,0.0000,0.0000,0.0000,0,0.1518,0.7132,1.1413,0.9404,0.1022,0.0769,1.0073
none,0.0000,joint,10,0.0036,-0.0871,0.0931,0,0.0811,1.2574,1.4479,0.9393,0.1338,0.1228,1.0062
none,0.0000,plain_with_instrument,10,0.0000,0.0000,0.0000,0,0.1644,0.6645,1.1890,0.9504,0.1063,0.0837,1.0084
threshold,0.5000,plain,10,0.0000,0.0000,0.0000,0,0.7947,0.6646,1.5658,0.8508,0.1363,0.1357,1.0050
threshold,0.5000,joint,10,0.0231,-0.0696,0.1167,1,0.3275,1.1809,1.6585,0.9253,0.1496,0.1566,1.0060
threshold,0.5000,plain_with_instrument,10,0.0000,0.0000,0.0000,0,0.8965,0.6924,1.6610,0.8577,0.1429,0.1506,1.0070
threshold,1.0000,plain,10,0.0000,0.0000,0.0000,0,2.9121,0.5543,3.1247,0.3388,0.2819,0.4389,1.0054
threshold,1.0000,joint,10,0.0851,-0.0102,0.1805,4,1.0606,1.2228,1.8225,0.9151,0.1642,0.1804,1.0052
threshold,1.0000,plain_with_instrument,10,0.0000,0.0000,0.0000,0,3.2975,0.6232,3.5358,0.3117,0.3075,0.5259,1.0072
