setting,shape,strength,model,datasets,rho,rho_low,rho_high,link_detected,bias_average,bias_sd,rmse_individual,coverage_95,wrong_drug,hba1c_lost,rhat_worst_patient,rms_error,fits_rhat_above_1.01
"ideal instrument, 5,000 patients",effect,0.5000,joint,10,0.0165,-0.0749,0.1073,0,0.4497,1.2311,1.6663,0.9104,0.1502,0.1637,1.0072,1.2515,0
"ideal instrument, 5,000 patients",effect,0.5000,joint_per_drug_noise,10,0.0206,-0.0856,0.1270,1,0.3252,1.5649,1.8597,0.9242,0.1710,0.1977,1.0057,1.5198,0
"ideal instrument, 5,000 patients",effect,0.5000,plain,10,0.0000,0.0000,0.0000,0,0.7801,0.6818,1.5424,0.8509,0.1353,0.1353,1.0060,1.0133,0
"ideal instrument, 5,000 patients",effect,1.0000,joint,10,0.0515,-0.0420,0.1456,3,1.5796,1.2231,2.0622,0.8262,0.1874,0.2376,1.0051,1.9600,0
"ideal instrument, 5,000 patients",effect,1.0000,joint_per_drug_noise,10,0.0631,-0.0491,0.1750,2,1.2070,1.7028,2.0943,0.9114,0.1930,0.2455,1.0060,2.0165,0
"ideal instrument, 5,000 patients",effect,1.0000,plain,10,0.0000,0.0000,0.0000,0,2.6467,0.5333,2.8631,0.3761,0.2599,0.3773,1.0057,2.6946,0
"ideal instrument, 5,000 patients",linear,0.5000,joint,10,0.0393,-0.0533,0.1316,1,0.2557,1.2477,1.6690,0.9192,0.1520,0.1568,1.0053,1.2110,0
"ideal instrument, 5,000 patients",linear,0.5000,joint_per_drug_noise,10,0.0502,-0.0557,0.1560,1,-0.0523,1.5709,1.8777,0.9335,0.1737,0.1886,1.0049,1.4912,0
"ideal instrument, 5,000 patients",linear,0.5000,plain,10,0.0000,0.0000,0.0000,0,1.0635,0.6824,1.6908,0.8111,0.1484,0.1601,1.0057,1.2450,0
"ideal instrument, 5,000 patients",linear,1.0000,joint,10,0.1300,0.0318,0.2264,7,0.9543,1.3235,1.7770,0.9194,0.1652,0.1820,1.0052,1.5771,0
"ideal instrument, 5,000 patients",linear,1.0000,joint_per_drug_noise,10,0.1657,0.0548,0.2740,7,-0.0810,1.6974,1.8659,0.9673,0.1747,0.1824,1.0049,1.6124,0
"ideal instrument, 5,000 patients",linear,1.0000,plain,10,0.0000,0.0000,0.0000,0,3.7724,0.5505,3.9136,0.1363,0.3479,0.6417,1.0080,3.8084,0
"ideal instrument, 5,000 patients",none,0.0000,joint,10,0.0036,-0.0871,0.0931,0,0.0811,1.2574,1.4479,0.9393,0.1338,0.1228,1.0062,1.1956,0
"ideal instrument, 5,000 patients",none,0.0000,joint_per_drug_noise,10,0.0047,-0.1002,0.1084,0,0.0505,1.5289,1.6329,0.9459,0.1549,0.1567,1.0046,1.4514,0
"ideal instrument, 5,000 patients",none,0.0000,plain,10,0.0000,0.0000,0.0000,0,0.1518,0.7132,1.1413,0.9404,0.1022,0.0769,1.0073,0.6934,0
"ideal instrument, 5,000 patients",threshold,0.5000,joint,10,0.0231,-0.0696,0.1167,1,0.3275,1.1809,1.6585,0.9253,0.1496,0.1566,1.0060,1.1672,0
"ideal instrument, 5,000 patients",threshold,0.5000,joint_per_drug_noise,10,0.0302,-0.0764,0.1375,1,0.1184,1.5071,1.8483,0.9360,0.1712,0.1905,1.0053,1.4347,0
"ideal instrument, 5,000 patients",threshold,0.5000,plain,10,0.0000,0.0000,0.0000,0,0.7947,0.6646,1.5658,0.8508,0.1363,0.1357,1.0050,1.0145,0
"ideal instrument, 5,000 patients",threshold,1.0000,joint,10,0.0851,-0.0102,0.1805,4,1.0606,1.2228,1.8225,0.9151,0.1642,0.1804,1.0052,1.5718,0
"ideal instrument, 5,000 patients",threshold,1.0000,joint_per_drug_noise,10,0.1136,0.0005,0.2234,5,0.2230,1.6667,1.8580,0.9615,0.1730,0.1924,1.0067,1.5969,0
"ideal instrument, 5,000 patients",threshold,1.0000,plain,10,0.0000,0.0000,0.0000,0,2.9121,0.5543,3.1247,0.3388,0.2819,0.4389,1.0054,2.9592,0
"no instrument, 20,000 patients",linear,1.0000,joint,10,0.0036,-0.0922,0.0984,0,4.2299,0.1502,4.2681,0.0079,0.3807,0.7269,1.0047,4.2323,0
"no instrument, 20,000 patients",linear,1.0000,joint_per_drug_noise,10,0.0851,-0.2739,0.3865,1,1.9742,3.4461,3.3368,1.0000,0.2856,0.5055,1.0172,3.8191,2
"no instrument, 20,000 patients",linear,1.0000,plain,10,0.0000,0.0000,0.0000,0,4.3154,0.2625,4.3531,0.0004,0.3856,0.7479,1.0057,4.3226,0
"no instrument, 20,000 patients",none,0.0000,joint,10,-0.0035,-0.0898,0.0814,0,0.1308,0.3186,0.6701,0.9991,0.0567,0.0244,1.0064,0.3293,0
"no instrument, 20,000 patients",none,0.0000,joint_per_drug_noise,10,-0.0371,-0.3137,0.2759,1,1.0208,3.3426,2.7263,0.9369,0.2299,0.3706,1.0353,3.3313,4
"no instrument, 20,000 patients",none,0.0000,plain,10,0.0000,0.0000,0.0000,0,0.0492,0.2722,0.6491,0.9428,0.0563,0.0232,1.0058,0.2629,0
"no instrument, 5,000 patients",linear,1.0000,joint,10,0.0096,-0.1788,0.1977,0,3.9735,0.5297,4.1451,0.8369,0.3673,0.7161,1.0049,4.0052,0
"no instrument, 5,000 patients",linear,1.0000,joint_per_drug_noise,10,0.1244,-0.4030,0.4978,0,0.6785,5.4511,4.8938,1.0000,0.3682,0.7584,1.0259,5.2157,3
"no instrument, 5,000 patients",linear,1.0000,plain,10,0.0000,0.0000,0.0000,0,4.1994,0.4787,4.3594,0.1013,0.3818,0.7709,1.0056,4.2239,0
"no instrument, 5,000 patients",none,0.0000,joint,10,0.0022,-0.1706,0.1737,0,-0.0960,0.6941,1.4323,0.9987,0.1262,0.1124,1.0069,0.6655,0
"no instrument, 5,000 patients",none,0.0000,joint_per_drug_noise,10,-0.0173,-0.4464,0.4257,0,0.5032,6.2901,5.2013,1.0000,0.3440,0.7692,1.0300,5.9885,1
"no instrument, 5,000 patients",none,0.0000,plain,10,0.0000,0.0000,0.0000,0,-0.0453,0.5436,1.3774,0.9177,0.1235,0.1085,1.0082,0.5177,0
