instrument_strength,shape,strength,model,datasets,rho,rho_low,rho_high,link_detected,bias_average,bias_sd,rmse_individual,coverage_95,wrong_drug,hba1c_lost,rhat_worst_patient,datasets_used
0.5000,effect,0.5000,joint,10,0.0014,-0.1254,0.1269,0,0.8178,1.3717,1.7520,0.9426,0.1568,0.1860,1.0059,first ten (report 08)
0.5000,effect,0.5000,joint,10,0.0108,-0.1098,0.1325,0,0.7345,1.5367,1.8701,0.9280,0.1634,0.1705,1.0056,second ten
0.5000,effect,0.5000,joint,20,0.0061,-0.1176,0.1297,0,0.7762,1.4184,1.8110,0.9353,0.1601,0.1782,1.0059,all twenty
0.5000,effect,0.5000,plain,10,0.0000,0.0000,0.0000,0,0.8492,0.6494,1.4911,0.8691,0.1287,0.1277,1.0051,first ten (report 08)
0.5000,effect,0.5000,plain,10,0.0000,0.0000,0.0000,0,0.9696,0.4919,1.5435,0.8655,0.1366,0.1234,1.0064,second ten
0.5000,effect,0.5000,plain,20,0.0000,0.0000,0.0000,0,0.9094,0.5641,1.5173,0.8673,0.1326,0.1256,1.0064,all twenty
0.5000,effect,1.0000,joint,10,0.0201,-0.1090,0.1492,0,2.4485,1.2415,2.8394,0.7994,0.2440,0.3856,1.0061,first ten (report 08)
0.5000,effect,1.0000,joint,10,0.0308,-0.0940,0.1528,0,2.3453,1.6020,2.8188,0.7563,0.2373,0.3491,1.0075,second ten
0.5000,effect,1.0000,joint,20,0.0254,-0.1015,0.1510,0,2.3969,1.3959,2.8291,0.7778,0.2406,0.3673,1.0075,all twenty
0.5000,effect,1.0000,plain,10,0.0000,0.0000,0.0000,0,2.9069,0.3645,3.1852,0.3233,0.2775,0.4361,1.0062,first ten (report 08)
0.5000,effect,1.0000,plain,10,0.0000,0.0000,0.0000,0,3.0416,0.4672,3.3128,0.3023,0.2844,0.4490,1.0060,second ten
0.5000,effect,1.0000,plain,20,0.0000,0.0000,0.0000,0,2.9743,0.4136,3.2490,0.3128,0.2810,0.4426,1.0062,all twenty
0.5000,linear,0.5000,joint,10,0.0186,-0.1129,0.1460,0,0.7273,1.4949,1.8116,0.9490,0.1625,0.1902,1.0093,first ten (report 08)
0.5000,linear,0.5000,joint,10,0.0269,-0.0980,0.1500,1,0.6957,1.6155,1.8866,0.9355,0.1656,0.1754,1.0059,second ten
0.5000,linear,0.5000,joint,20,0.0227,-0.1055,0.1480,1,0.7115,1.5149,1.8491,0.9422,0.1641,0.1828,1.0093,all twenty
0.5000,linear,0.5000,plain,10,0.0000,0.0000,0.0000,0,1.1470,0.6460,1.6541,0.8163,0.1446,0.1527,1.0054,first ten (report 08)
0.5000,linear,0.5000,plain,10,0.0000,0.0000,0.0000,0,1.2985,0.5125,1.7467,0.8026,0.1574,0.1551,1.0058,second ten
0.5000,linear,0.5000,plain,20,0.0000,0.0000,0.0000,0,1.2228,0.5728,1.7004,0.8095,0.1510,0.1539,1.0058,all twenty
0.5000,linear,1.0000,joint,10,0.0771,-0.0650,0.2158,2,2.2787,1.5526,2.6780,0.8392,0.2369,0.3792,1.0063,first ten (report 08)
0.5000,linear,1.0000,joint,10,0.0799,-0.0558,0.2116,2,2.3333,1.8239,2.8087,0.7895,0.2402,0.3580,1.0078,second ten
0.5000,linear,1.0000,joint,20,0.0785,-0.0604,0.2137,4,2.3060,1.6487,2.7434,0.8143,0.2385,0.3686,1.0078,all twenty
0.5000,linear,1.0000,plain,10,0.0000,0.0000,0.0000,0,4.0952,0.3810,4.2552,0.1083,0.3645,0.7038,1.0061,first ten (report 08)
0.5000,linear,1.0000,plain,10,0.0000,0.0000,0.0000,0,4.2181,0.4699,4.3672,0.0973,0.3718,0.7220,1.0053,second ten
0.5000,linear,1.0000,plain,20,0.0000,0.0000,0.0000,0,4.1566,0.4211,4.3112,0.1028,0.3682,0.7129,1.0061,all twenty
0.5000,none,0.0000,joint,10,-0.0033,-0.1296,0.1234,0,0.0855,1.4333,1.7442,0.9534,0.1521,0.1572,1.0058,first ten (report 08)
0.5000,none,0.0000,joint,10,-0.0033,-0.1232,0.1174,1,0.0739,1.6850,1.7843,0.9315,0.1595,0.1841,1.0058,second ten
0.5000,none,0.0000,joint,20,-0.0033,-0.1264,0.1204,1,0.0797,1.5225,1.7643,0.9425,0.1558,0.1706,1.0058,all twenty
0.5000,none,0.0000,plain,10,0.0000,0.0000,0.0000,0,0.0107,0.6934,1.3756,0.9050,0.1154,0.0937,1.0080,first ten (report 08)
0.5000,none,0.0000,plain,10,0.0000,0.0000,0.0000,0,-0.0070,0.6767,1.2620,0.9295,0.1126,0.0908,1.0059,second ten
0.5000,none,0.0000,plain,20,0.0000,0.0000,0.0000,0,0.0018,0.6669,1.3188,0.9172,0.1140,0.0922,1.0080,all twenty
0.5000,threshold,0.5000,joint,10,0.0062,-0.1220,0.1333,0,0.6842,1.4287,1.7585,0.9476,0.1540,0.1774,1.0062,first ten (report 08)
0.5000,threshold,0.5000,joint,10,0.0187,-0.1059,0.1433,1,0.5569,1.6572,1.8784,0.9324,0.1637,0.1758,1.0070,second ten
0.5000,threshold,0.5000,joint,20,0.0125,-0.1140,0.1383,1,0.6205,1.5073,1.8184,0.9400,0.1588,0.1766,1.0070,all twenty
0.5000,threshold,0.5000,plain,10,0.0000,0.0000,0.0000,0,0.8247,0.6626,1.4842,0.8686,0.1269,0.1216,1.0057,first ten (report 08)
0.5000,threshold,0.5000,plain,10,0.0000,0.0000,0.0000,0,0.9743,0.5037,1.5449,0.8674,0.1376,0.1229,1.0053,second ten
0.5000,threshold,0.5000,plain,20,0.0000,0.0000,0.0000,0,0.8995,0.5780,1.5146,0.8680,0.1322,0.1222,1.0057,all twenty
0.5000,threshold,1.0000,joint,10,0.0406,-0.0950,0.1719,0,2.2903,1.3322,2.7244,0.8419,0.2357,0.3598,1.0055,first ten (report 08)
0.5000,threshold,1.0000,joint,10,0.0556,-0.0715,0.1819,2,1.9862,1.7433,2.5930,0.8374,0.2199,0.3036,1.0076,second ten
0.5000,threshold,1.0000,joint,20,0.0481,-0.0833,0.1769,2,2.1383,1.5181,2.6587,0.8396,0.2278,0.3317,1.0076,all twenty
0.5000,threshold,1.0000,plain,10,0.0000,0.0000,0.0000,0,3.2477,0.3616,3.4878,0.2700,0.3046,0.5098,1.0052,first ten (report 08)
0.5000,threshold,1.0000,plain,10,0.0000,0.0000,0.0000,0,3.2956,0.5170,3.5084,0.2672,0.3077,0.5109,1.0058,second ten
0.5000,threshold,1.0000,plain,20,0.0000,0.0000,0.0000,0,3.2717,0.4349,3.4981,0.2686,0.3061,0.5103,1.0058,all twenty
1.0000,effect,0.5000,joint,10,0.0165,-0.0749,0.1073,0,0.4497,1.2311,1.6663,0.9104,0.1502,0.1637,1.0072,first ten (report 08)
1.0000,effect,0.5000,joint,10,0.0119,-0.0775,0.1008,2,0.5388,1.2308,1.5648,0.9146,0.1369,0.1312,1.0058,second ten
1.0000,effect,0.5000,joint,20,0.0142,-0.0762,0.1040,2,0.4942,1.1990,1.6156,0.9125,0.1436,0.1474,1.0072,all twenty
1.0000,effect,0.5000,plain,10,0.0000,0.0000,0.0000,0,0.7801,0.6818,1.5424,0.8509,0.1353,0.1353,1.0060,first ten (report 08)
1.0000,effect,0.5000,plain,10,0.0000,0.0000,0.0000,0,0.7678,0.2968,1.3477,0.9046,0.1249,0.1027,1.0069,second ten
1.0000,effect,0.5000,plain,20,0.0000,0.0000,0.0000,0,0.7739,0.5118,1.4451,0.8778,0.1301,0.1190,1.0069,all twenty
1.0000,effect,1.0000,joint,10,0.0515,-0.0420,0.1456,3,1.5796,1.2231,2.0622,0.8262,0.1874,0.2376,1.0051,first ten (report 08)
1.0000,effect,1.0000,joint,10,0.0487,-0.0424,0.1402,2,1.5499,1.3240,2.2816,0.7731,0.2025,0.2688,1.0047,second ten
1.0000,effect,1.0000,joint,20,0.0501,-0.0422,0.1429,5,1.5648,1.2407,2.1719,0.7997,0.1949,0.2532,1.0051,all twenty
1.0000,effect,1.0000,plain,10,0.0000,0.0000,0.0000,0,2.6467,0.5333,2.8631,0.3761,0.2599,0.3773,1.0057,first ten (report 08)
1.0000,effect,1.0000,plain,10,0.0000,0.0000,0.0000,0,2.5450,0.4522,2.8989,0.4048,0.2592,0.3940,1.0060,second ten
1.0000,effect,1.0000,plain,20,0.0000,0.0000,0.0000,0,2.5958,0.4840,2.8810,0.3904,0.2595,0.3857,1.0060,all twenty
1.0000,linear,0.5000,joint,10,0.0393,-0.0533,0.1316,1,0.2557,1.2477,1.6690,0.9192,0.1520,0.1568,1.0053,first ten (report 08)
1.0000,linear,0.5000,joint,10,0.0334,-0.0569,0.1229,2,0.4001,1.3054,1.5485,0.9165,0.1367,0.1322,1.0068,second ten
1.0000,linear,0.5000,joint,20,0.0364,-0.0551,0.1272,3,0.3279,1.2450,1.6088,0.9179,0.1443,0.1445,1.0068,all twenty
1.0000,linear,0.5000,plain,10,0.0000,0.0000,0.0000,0,1.0635,0.6824,1.6908,0.8111,0.1484,0.1601,1.0057,first ten (report 08)
1.0000,linear,0.5000,plain,10,0.0000,0.0000,0.0000,0,1.0720,0.3229,1.5274,0.8484,0.1397,0.1244,1.0059,second ten
1.0000,linear,0.5000,plain,20,0.0000,0.0000,0.0000,0,1.0678,0.5196,1.6091,0.8298,0.1440,0.1422,1.0059,all twenty
1.0000,linear,1.0000,joint,10,0.1300,0.0318,0.2264,7,0.9543,1.3235,1.7770,0.9194,0.1652,0.1820,1.0052,first ten (report 08)
1.0000,linear,1.0000,joint,10,0.1222,0.0278,0.2158,6,1.0421,1.4772,2.0807,0.8484,0.1887,0.2300,1.0047,second ten
1.0000,linear,1.0000,joint,20,0.1261,0.0298,0.2211,13,0.9982,1.3658,1.9289,0.8839,0.1770,0.2060,1.0052,all twenty
1.0000,linear,1.0000,plain,10,0.0000,0.0000,0.0000,0,3.7724,0.5505,3.9136,0.1363,0.3479,0.6417,1.0080,first ten (report 08)
1.0000,linear,1.0000,plain,10,0.0000,0.0000,0.0000,0,3.6679,0.4614,3.8999,0.1919,0.3456,0.6465,1.0063,second ten
1.0000,linear,1.0000,plain,20,0.0000,0.0000,0.0000,0,3.7201,0.4972,3.9068,0.1641,0.3467,0.6441,1.0080,all twenty
1.0000,none,0.0000,joint,10,0.0036,-0.0871,0.0931,0,0.0811,1.2574,1.4479,0.9393,0.1338,0.1228,1.0062,first ten (report 08)
1.0000,none,0.0000,joint,10,-0.0047,-0.0925,0.0830,2,0.1998,1.2355,1.4945,0.9391,0.1403,0.1269,1.0058,second ten
1.0000,none,0.0000,joint,20,-0.0006,-0.0898,0.0881,2,0.1404,1.2148,1.4712,0.9392,0.1370,0.1249,1.0062,all twenty
1.0000,none,0.0000,plain,10,0.0000,0.0000,0.0000,0,0.1518,0.7132,1.1413,0.9404,0.1022,0.0769,1.0073,first ten (report 08)
1.0000,none,0.0000,plain,10,0.0000,0.0000,0.0000,0,0.0987,0.3303,1.0576,0.9750,0.0917,0.0595,1.0062,second ten
1.0000,none,0.0000,plain,20,0.0000,0.0000,0.0000,0,0.1253,0.5416,1.0994,0.9577,0.0969,0.0682,1.0073,all twenty
1.0000,threshold,0.5000,joint,10,0.0231,-0.0696,0.1167,1,0.3275,1.1809,1.6585,0.9253,0.1496,0.1566,1.0060,first ten (report 08)
1.0000,threshold,0.5000,joint,10,0.0225,-0.0677,0.1123,3,0.3385,1.3385,1.5534,0.9125,0.1364,0.1343,1.0052,second ten
1.0000,threshold,0.5000,joint,20,0.0228,-0.0686,0.1145,4,0.3330,1.2285,1.6060,0.9189,0.1430,0.1454,1.0060,all twenty
1.0000,threshold,0.5000,plain,10,0.0000,0.0000,0.0000,0,0.7947,0.6646,1.5658,0.8508,0.1363,0.1357,1.0050,first ten (report 08)
1.0000,threshold,0.5000,plain,10,0.0000,0.0000,0.0000,0,0.7828,0.3221,1.3408,0.9047,0.1226,0.1004,1.0059,second ten
1.0000,threshold,0.5000,plain,20,0.0000,0.0000,0.0000,0,0.7887,0.5083,1.4533,0.8777,0.1294,0.1180,1.0059,all twenty
1.0000,threshold,1.0000,joint,10,0.0851,-0.0102,0.1805,4,1.0606,1.2228,1.8225,0.9151,0.1642,0.1804,1.0052,first ten (report 08)
1.0000,threshold,1.0000,joint,10,0.0873,-0.0066,0.1789,5,0.8708,1.4859,1.9930,0.8681,0.1782,0.2097,1.0058,second ten
1.0000,threshold,1.0000,joint,20,0.0862,-0.0084,0.1797,9,0.9657,1.3280,1.9078,0.8916,0.1712,0.1951,1.0058,all twenty
1.0000,threshold,1.0000,plain,10,0.0000,0.0000,0.0000,0,2.9121,0.5543,3.1247,0.3388,0.2819,0.4389,1.0054,first ten (report 08)
1.0000,threshold,1.0000,plain,10,0.0000,0.0000,0.0000,0,2.7449,0.4991,3.0501,0.3773,0.2775,0.4395,1.0061,second ten
1.0000,threshold,1.0000,plain,20,0.0000,0.0000,0.0000,0,2.8285,0.5205,3.0874,0.3580,0.2797,0.4392,1.0061,all twenty
