shape,strength,variant,model,datasets,rho,rho_low,rho_high,link_detected,bias_average,bias_sd,rmse_individual,coverage_95,wrong_drug,hba1c_lost,rhat_worst_patient
none,0.0000,ideal (report 08),joint,10,0.0036,-0.0871,0.0931,0,0.0811,1.2574,1.4479,0.9393,0.1338,0.1228,1.0062
none,0.0000,practice_100,joint,10,0.0008,-0.0892,0.0917,0,-0.0674,1.1194,1.5190,0.9348,0.1330,0.1282,1.0052
none,0.0000,practice_25,joint,10,0.0113,-0.0795,0.1013,1,-0.2170,1.2322,1.6908,0.9013,0.1595,0.1747,1.0056
none,0.0000,flaw_0.5,joint,10,-0.0879,-0.1776,0.0026,5,2.3228,1.2807,2.5584,0.6787,0.2385,0.3563,1.0054
none,0.0000,flaw_1.0,joint,10,-0.1774,-0.2632,-0.0899,10,4.5472,1.2928,4.6639,0.1441,0.3914,0.8263,1.0056
none,0.0000,ideal (report 08),plain,10,0.0000,0.0000,0.0000,0,0.1518,0.7132,1.1413,0.9404,0.1022,0.0769,1.0073
none,0.0000,practice_100,plain,10,0.0000,0.0000,0.0000,0,-0.0736,0.5222,1.2570,0.9244,0.1084,0.0847,1.0064
none,0.0000,practice_25,plain,10,0.0000,0.0000,0.0000,0,-0.0145,0.4183,1.3124,0.9043,0.1180,0.1087,1.0054
none,0.0000,flaw_0.5,plain,10,0.0000,0.0000,0.0000,0,0.5709,0.7085,1.2150,0.9137,0.1139,0.0952,1.0063
none,0.0000,flaw_1.0,plain,10,0.0000,0.0000,0.0000,0,0.9936,0.7094,1.4337,0.8624,0.1358,0.1304,1.0047
linear,1.0000,ideal (report 08),joint,10,0.1300,0.0318,0.2264,7,0.9543,1.3235,1.7770,0.9194,0.1652,0.1820,1.0052
linear,1.0000,practice_100,joint,10,0.1431,0.0471,0.2376,8,0.8176,1.1420,1.7288,0.9279,0.1529,0.1557,1.0040
linear,1.0000,practice_25,joint,10,0.1458,0.0493,0.2403,8,0.6499,1.4178,1.7367,0.8920,0.1447,0.1492,1.0052
linear,1.0000,flaw_0.5,joint,10,0.0341,-0.0632,0.1334,1,3.4031,1.4004,3.5837,0.4547,0.3122,0.5723,1.0064
linear,1.0000,flaw_1.0,joint,10,-0.0642,-0.1632,0.0347,3,5.8997,1.4758,5.9975,0.0673,0.4398,1.0449,1.0059
linear,1.0000,ideal (report 08),plain,10,0.0000,0.0000,0.0000,0,3.7724,0.5505,3.9136,0.1363,0.3479,0.6417,1.0080
linear,1.0000,practice_100,plain,10,0.0000,0.0000,0.0000,0,3.9022,0.4969,4.0925,0.1403,0.3632,0.6966,1.0059
linear,1.0000,practice_25,plain,10,0.0000,0.0000,0.0000,0,3.7708,0.5120,3.9812,0.1684,0.3442,0.6354,1.0057
linear,1.0000,flaw_0.5,plain,10,0.0000,0.0000,0.0000,0,4.1405,0.5417,4.2698,0.0865,0.3714,0.7265,1.0054
linear,1.0000,flaw_1.0,plain,10,0.0000,0.0000,0.0000,0,4.5125,0.5398,4.6318,0.0518,0.3936,0.8141,1.0061
