setting,shape,strength,model,datasets,rho,rho_low,rho_high,link_detected,bias_average,bias_sd,rmse_individual,coverage_95,wrong_drug,hba1c_lost,rhat_worst_patient,rms_error
"ideal 1.0, datasets 0-9",none,0.0000,plain,10,0.0000,0.0000,0.0000,0,0.1518,0.7132,1.1413,0.9404,0.1022,0.0769,1.0073,0.6934
"ideal 1.0, datasets 0-9",none,0.0000,joint,10,0.0036,-0.0871,0.0931,0,0.0811,1.2574,1.4479,0.9393,0.1338,0.1228,1.0062,1.1956
"ideal 1.0, datasets 0-9",linear,1.0000,plain,10,0.0000,0.0000,0.0000,0,3.7724,0.5505,3.9136,0.1363,0.3479,0.6417,1.0080,3.8084
"ideal 1.0, datasets 0-9",linear,1.0000,joint,10,0.1300,0.0318,0.2264,7,0.9543,1.3235,1.7770,0.9194,0.1652,0.1820,1.0052,1.5771
"ideal 1.0, datasets 0-9",linear,0.5000,plain,10,0.0000,0.0000,0.0000,0,1.0635,0.6824,1.6908,0.8111,0.1484,0.1601,1.0057,1.2450
"ideal 1.0, datasets 0-9",linear,0.5000,joint,10,0.0393,-0.0533,0.1316,1,0.2557,1.2477,1.6690,0.9192,0.1520,0.1568,1.0053,1.2110
"ideal 1.0, datasets 0-9",threshold,0.5000,plain,10,0.0000,0.0000,0.0000,0,0.7947,0.6646,1.5658,0.8508,0.1363,0.1357,1.0050,1.0145
"ideal 1.0, datasets 0-9",threshold,0.5000,joint,10,0.0231,-0.0696,0.1167,1,0.3275,1.1809,1.6585,0.9253,0.1496,0.1566,1.0060,1.1672
"ideal 1.0, datasets 0-9",threshold,1.0000,plain,10,0.0000,0.0000,0.0000,0,2.9121,0.5543,3.1247,0.3388,0.2819,0.4389,1.0054,2.9592
"ideal 1.0, datasets 0-9",threshold,1.0000,joint,10,0.0851,-0.0102,0.1805,4,1.0606,1.2228,1.8225,0.9151,0.1642,0.1804,1.0052,1.5718
"ideal 1.0, datasets 0-9",effect,0.5000,plain,10,0.0000,0.0000,0.0000,0,0.7801,0.6818,1.5424,0.8509,0.1353,0.1353,1.0060,1.0133
"ideal 1.0, datasets 0-9",effect,0.5000,joint,10,0.0165,-0.0749,0.1073,0,0.4497,1.2311,1.6663,0.9104,0.1502,0.1637,1.0072,1.2515
"ideal 1.0, datasets 0-9",effect,1.0000,plain,10,0.0000,0.0000,0.0000,0,2.6467,0.5333,2.8631,0.3761,0.2599,0.3773,1.0057,2.6946
"ideal 1.0, datasets 0-9",effect,1.0000,joint,10,0.0515,-0.0420,0.1456,3,1.5796,1.2231,2.0622,0.8262,0.1874,0.2376,1.0051,1.9600
"ideal 1.0, datasets 0-9",none,0.0000,joint_per_drug_noise,10,0.0047,-0.1002,0.1084,0,0.0505,1.5289,1.6329,0.9459,0.1549,0.1567,1.0046,1.4514
"ideal 1.0, datasets 0-9",linear,1.0000,joint_per_drug_noise,10,0.1657,0.0548,0.2740,7,-0.0810,1.6974,1.8659,0.9673,0.1747,0.1824,1.0049,1.6124
"ideal 1.0, datasets 0-9",linear,0.5000,joint_per_drug_noise,10,0.0502,-0.0557,0.1560,1,-0.0523,1.5709,1.8777,0.9335,0.1737,0.1886,1.0049,1.4912
"ideal 1.0, datasets 0-9",threshold,0.5000,joint_per_drug_noise,10,0.0302,-0.0764,0.1375,1,0.1184,1.5071,1.8483,0.9360,0.1712,0.1905,1.0053,1.4347
"ideal 1.0, datasets 0-9",effect,0.5000,joint_per_drug_noise,10,0.0206,-0.0856,0.1270,1,0.3252,1.5649,1.8597,0.9242,0.1710,0.1977,1.0057,1.5198
"ideal 1.0, datasets 0-9",threshold,1.0000,joint_per_drug_noise,10,0.1136,0.0005,0.2234,5,0.2230,1.6667,1.8580,0.9615,0.1730,0.1924,1.0067,1.5969
"ideal 1.0, datasets 0-9",effect,1.0000,joint_per_drug_noise,10,0.0631,-0.0491,0.1750,2,1.2070,1.7028,2.0943,0.9114,0.1930,0.2455,1.0060,2.0165
"ideal 1.0, datasets 10-19",none,0.0000,plain,10,0.0000,0.0000,0.0000,0,0.0987,0.3303,1.0576,0.9750,0.0917,0.0595,1.0062,0.3285
"ideal 1.0, datasets 10-19",none,0.0000,joint,10,-0.0047,-0.0925,0.0830,2,0.1998,1.2355,1.4945,0.9391,0.1403,0.1269,1.0058,1.1890
"ideal 1.0, datasets 10-19",linear,0.5000,plain,10,0.0000,0.0000,0.0000,0,1.0720,0.3229,1.5274,0.8484,0.1397,0.1244,1.0059,1.1149
"ideal 1.0, datasets 10-19",linear,0.5000,joint,10,0.0334,-0.0569,0.1229,2,0.4001,1.3054,1.5485,0.9165,0.1367,0.1322,1.0068,1.3014
"ideal 1.0, datasets 10-19",linear,1.0000,plain,10,0.0000,0.0000,0.0000,0,3.6679,0.4614,3.8999,0.1919,0.3456,0.6465,1.0063,3.6939
"ideal 1.0, datasets 10-19",linear,1.0000,joint,10,0.1222,0.0278,0.2158,6,1.0421,1.4772,2.0807,0.8484,0.1887,0.2300,1.0047,1.7464
"ideal 1.0, datasets 10-19",threshold,1.0000,plain,10,0.0000,0.0000,0.0000,0,2.7449,0.4991,3.0501,0.3773,0.2775,0.4395,1.0061,2.7854
"ideal 1.0, datasets 10-19",threshold,1.0000,joint,10,0.0873,-0.0066,0.1789,5,0.8708,1.4859,1.9930,0.8681,0.1782,0.2097,1.0058,1.6570
"ideal 1.0, datasets 10-19",threshold,0.5000,plain,10,0.0000,0.0000,0.0000,0,0.7828,0.3221,1.3408,0.9047,0.1226,0.1004,1.0059,0.8403
"ideal 1.0, datasets 10-19",threshold,0.5000,joint,10,0.0225,-0.0677,0.1123,3,0.3385,1.3385,1.5534,0.9125,0.1364,0.1343,1.0052,1.3142
"ideal 1.0, datasets 10-19",effect,1.0000,plain,10,0.0000,0.0000,0.0000,0,2.5450,0.4522,2.8989,0.4048,0.2592,0.3940,1.0060,2.5809
"ideal 1.0, datasets 10-19",effect,1.0000,joint,10,0.0487,-0.0424,0.1402,2,1.5499,1.3240,2.2816,0.7731,0.2025,0.2688,1.0047,1.9950
"ideal 1.0, datasets 10-19",effect,0.5000,plain,10,0.0000,0.0000,0.0000,0,0.7678,0.2968,1.3477,0.9046,0.1249,0.1027,1.0069,0.8178
"ideal 1.0, datasets 10-19",effect,0.5000,joint,10,0.0119,-0.0775,0.1008,2,0.5388,1.2308,1.5648,0.9146,0.1369,0.1312,1.0058,1.2860
"ideal 1.0, datasets 10-19",threshold,0.5000,joint_per_drug_noise,10,0.0287,-0.0766,0.1319,3,0.1744,1.8171,1.8211,0.8992,0.1616,0.1854,1.0058,1.7327
"ideal 1.0, datasets 10-19",linear,0.5000,joint_per_drug_noise,10,0.0423,-0.0611,0.1456,2,0.1582,1.7264,1.7630,0.9122,0.1575,0.1738,1.0046,1.6455
"ideal 1.0, datasets 10-19",none,0.0000,joint_per_drug_noise,10,-0.0034,-0.1047,0.0980,3,0.1852,1.7149,1.7942,0.9215,0.1716,0.1897,1.0057,1.6374
"ideal 1.0, datasets 10-19",linear,1.0000,joint_per_drug_noise,10,0.1559,0.0477,0.2616,7,0.0627,1.8872,2.1143,0.8966,0.1893,0.2325,1.0065,1.7915
"ideal 1.0, datasets 10-19",effect,1.0000,joint_per_drug_noise,10,0.0603,-0.0495,0.1686,2,1.1942,1.8541,2.3523,0.8483,0.2109,0.2867,1.0077,2.1260
"ideal 1.0, datasets 10-19",threshold,1.0000,joint_per_drug_noise,10,0.1164,0.0075,0.2241,6,0.0088,2.0364,2.1711,0.8873,0.1955,0.2514,1.0049,1.9319
"ideal 1.0, datasets 10-19",effect,0.5000,joint_per_drug_noise,10,0.0137,-0.0898,0.1162,3,0.4836,1.7217,1.8215,0.9044,0.1591,0.1778,1.0052,1.7034
"ideal 1.0, all twenty",none,0.0000,plain,20,0.0000,0.0000,0.0000,0,0.1253,0.5416,1.0994,0.9577,0.0969,0.0682,1.0073,0.5426
"ideal 1.0, all twenty",none,0.0000,joint,20,-0.0006,-0.0898,0.0881,2,0.1404,1.2148,1.4712,0.9392,0.1370,0.1249,1.0062,1.1923
"ideal 1.0, all twenty",linear,1.0000,plain,20,0.0000,0.0000,0.0000,0,3.7201,0.4972,3.9068,0.1641,0.3467,0.6441,1.0080,3.7516
"ideal 1.0, all twenty",linear,1.0000,joint,20,0.1261,0.0298,0.2211,13,0.9982,1.3658,1.9289,0.8839,0.1770,0.2060,1.0052,1.6639
"ideal 1.0, all twenty",linear,0.5000,plain,20,0.0000,0.0000,0.0000,0,1.0678,0.5196,1.6091,0.8298,0.1440,0.1422,1.0059,1.1818
"ideal 1.0, all twenty",linear,0.5000,joint,20,0.0364,-0.0551,0.1272,3,0.3279,1.2450,1.6088,0.9179,0.1443,0.1445,1.0068,1.2570
"ideal 1.0, all twenty",threshold,0.5000,plain,20,0.0000,0.0000,0.0000,0,0.7887,0.5083,1.4533,0.8777,0.1294,0.1180,1.0059,0.9315
"ideal 1.0, all twenty",threshold,0.5000,joint,20,0.0228,-0.0686,0.1145,4,0.3330,1.2285,1.6060,0.9189,0.1430,0.1454,1.0060,1.2429
"ideal 1.0, all twenty",threshold,1.0000,plain,20,0.0000,0.0000,0.0000,0,2.8285,0.5205,3.0874,0.3580,0.2797,0.4392,1.0061,2.8736
"ideal 1.0, all twenty",threshold,1.0000,joint,20,0.0862,-0.0084,0.1797,9,0.9657,1.3280,1.9078,0.8916,0.1712,0.1951,1.0058,1.6150
"ideal 1.0, all twenty",effect,0.5000,plain,20,0.0000,0.0000,0.0000,0,0.7739,0.5118,1.4451,0.8778,0.1301,0.1190,1.0069,0.9208
"ideal 1.0, all twenty",effect,0.5000,joint,20,0.0142,-0.0762,0.1040,2,0.4942,1.1990,1.6156,0.9125,0.1436,0.1474,1.0072,1.2688
"ideal 1.0, all twenty",effect,1.0000,plain,20,0.0000,0.0000,0.0000,0,2.5958,0.4840,2.8810,0.3904,0.2595,0.3857,1.0060,2.6383
"ideal 1.0, all twenty",effect,1.0000,joint,20,0.0501,-0.0422,0.1429,5,1.5648,1.2407,2.1719,0.7997,0.1949,0.2532,1.0051,1.9776
"ideal 1.0, all twenty",none,0.0000,joint_per_drug_noise,20,0.0006,-0.1025,0.1032,3,0.1178,1.5828,1.7136,0.9337,0.1632,0.1732,1.0057,1.5472
"ideal 1.0, all twenty",linear,1.0000,joint_per_drug_noise,20,0.1608,0.0513,0.2678,14,-0.0091,1.7485,1.9901,0.9319,0.1820,0.2074,1.0065,1.7043
"ideal 1.0, all twenty",linear,0.5000,joint_per_drug_noise,20,0.0463,-0.0584,0.1508,3,0.0530,1.6101,1.8204,0.9229,0.1656,0.1812,1.0049,1.5702
"ideal 1.0, all twenty",threshold,0.5000,joint_per_drug_noise,20,0.0294,-0.0765,0.1347,4,0.1464,1.6251,1.8347,0.9176,0.1664,0.1879,1.0058,1.5907
"ideal 1.0, all twenty",effect,0.5000,joint_per_drug_noise,20,0.0172,-0.0877,0.1216,4,0.4044,1.6033,1.8406,0.9143,0.1650,0.1877,1.0057,1.6142
"ideal 1.0, all twenty",threshold,1.0000,joint_per_drug_noise,20,0.1150,0.0040,0.2238,11,0.1159,1.8145,2.0146,0.9244,0.1842,0.2219,1.0067,1.7723
"ideal 1.0, all twenty",effect,1.0000,joint_per_drug_noise,20,0.0617,-0.0493,0.1718,4,1.2006,1.7326,2.2233,0.8799,0.2020,0.2661,1.0077,2.0720
"ideal 0.5, datasets 0-9",threshold,0.5000,plain,10,0.0000,0.0000,0.0000,0,0.8247,0.6626,1.4842,0.8686,0.1269,0.1216,1.0057,1.0370
"ideal 0.5, datasets 0-9",threshold,0.5000,joint,10,0.0062,-0.1220,0.1333,0,0.6842,1.4287,1.7585,0.9476,0.1540,0.1774,1.0062,1.5183
"ideal 0.5, datasets 0-9",linear,0.5000,plain,10,0.0000,0.0000,0.0000,0,1.1470,0.6460,1.6541,0.8163,0.1446,0.1527,1.0054,1.3005
"ideal 0.5, datasets 0-9",linear,0.5000,joint,10,0.0186,-0.1129,0.1460,0,0.7273,1.4949,1.8116,0.9490,0.1625,0.1902,1.0093,1.5938
"ideal 0.5, datasets 0-9",none,0.0000,plain,10,0.0000,0.0000,0.0000,0,0.0107,0.6934,1.3756,0.9050,0.1154,0.0937,1.0080,0.6579
"ideal 0.5, datasets 0-9",none,0.0000,joint,10,-0.0033,-0.1296,0.1234,0,0.0855,1.4333,1.7442,0.9534,0.1521,0.1572,1.0058,1.3624
"ideal 0.5, datasets 0-9",linear,1.0000,plain,10,0.0000,0.0000,0.0000,0,4.0952,0.3810,4.2552,0.1083,0.3645,0.7038,1.0061,4.1111
"ideal 0.5, datasets 0-9",linear,1.0000,joint,10,0.0771,-0.0650,0.2158,2,2.2787,1.5526,2.6780,0.8392,0.2369,0.3792,1.0063,2.7133
"ideal 0.5, datasets 0-9",effect,0.5000,plain,10,0.0000,0.0000,0.0000,0,0.8492,0.6494,1.4911,0.8691,0.1287,0.1277,1.0051,1.0491
"ideal 0.5, datasets 0-9",effect,0.5000,joint,10,0.0014,-0.1254,0.1269,0,0.8178,1.3717,1.7520,0.9426,0.1568,0.1860,1.0059,1.5370
"ideal 0.5, datasets 0-9",threshold,1.0000,plain,10,0.0000,0.0000,0.0000,0,3.2477,0.3616,3.4878,0.2700,0.3046,0.5098,1.0052,3.2658
"ideal 0.5, datasets 0-9",threshold,1.0000,joint,10,0.0406,-0.0950,0.1719,0,2.2903,1.3322,2.7244,0.8419,0.2357,0.3598,1.0055,2.6158
"ideal 0.5, datasets 0-9",effect,1.0000,plain,10,0.0000,0.0000,0.0000,0,2.9069,0.3645,3.1852,0.3233,0.2775,0.4361,1.0062,2.9274
"ideal 0.5, datasets 0-9",effect,1.0000,joint,10,0.0201,-0.1090,0.1492,0,2.4485,1.2415,2.8394,0.7994,0.2440,0.3856,1.0061,2.7171
"ideal 0.5, datasets 0-9",none,0.0000,joint_per_drug_noise,10,-0.0076,-0.1905,0.1696,0,0.1982,2.6532,2.5347,0.9359,0.2296,0.3388,1.0049,2.5249
"ideal 0.5, datasets 0-9",linear,0.5000,joint_per_drug_noise,10,0.0423,-0.1447,0.2256,0,0.0721,2.8884,2.7867,0.9727,0.2547,0.3880,1.0069,2.7411
"ideal 0.5, datasets 0-9",linear,1.0000,joint_per_drug_noise,10,0.1491,-0.0506,0.3368,4,0.2349,3.0822,2.9108,0.9792,0.2620,0.4137,1.0061,2.9334
"ideal 0.5, datasets 0-9",threshold,0.5000,joint_per_drug_noise,10,0.0173,-0.1740,0.2026,0,0.3747,2.7668,2.6720,0.9621,0.2417,0.3598,1.0056,2.6514
"ideal 0.5, datasets 0-9",threshold,1.0000,joint_per_drug_noise,10,0.0863,-0.1281,0.2825,2,0.9653,3.1474,3.0068,0.9583,0.2526,0.4102,1.0073,3.1381
"ideal 0.5, datasets 0-9",effect,0.5000,joint_per_drug_noise,10,0.0084,-0.1803,0.1912,0,0.6213,2.7952,2.6801,0.9487,0.2414,0.3698,1.0051,2.7236
"ideal 0.5, datasets 0-9",effect,1.0000,joint_per_drug_noise,10,0.0401,-0.1609,0.2376,1,1.8712,3.2142,3.2601,0.8888,0.2621,0.4595,1.0053,3.5776
practice_100,linear,1.0000,plain,10,0.0000,0.0000,0.0000,0,3.9022,0.4969,4.0925,0.1403,0.3632,0.6966,1.0059,3.9306
practice_100,linear,1.0000,joint,10,0.1431,0.0471,0.2376,8,0.8176,1.1420,1.7288,0.9279,0.1529,0.1557,1.0040,1.3573
practice_100,none,0.0000,plain,10,0.0000,0.0000,0.0000,0,-0.0736,0.5222,1.2570,0.9244,0.1084,0.0847,1.0064,0.5008
practice_100,none,0.0000,joint,10,0.0008,-0.0892,0.0917,0,-0.0674,1.1194,1.5190,0.9348,0.1330,0.1282,1.0052,1.0641
practice_100,linear,1.0000,joint_per_drug_noise,10,0.1844,0.0729,0.2941,9,-0.3943,1.3585,1.7257,0.9615,0.1617,0.1789,1.0053,1.3477
practice_100,none,0.0000,joint_per_drug_noise,10,-0.0002,-0.1062,0.1072,0,-0.0349,1.4784,1.7149,0.9530,0.1527,0.1691,1.0075,1.4030
practice_25,none,0.0000,plain,10,0.0000,0.0000,0.0000,0,-0.0145,0.4183,1.3124,0.9043,0.1180,0.1087,1.0054,0.3971
practice_25,none,0.0000,joint,10,0.0113,-0.0795,0.1013,1,-0.2170,1.2322,1.6908,0.9013,0.1595,0.1747,1.0056,1.1889
practice_25,linear,1.0000,plain,10,0.0000,0.0000,0.0000,0,3.7708,0.5120,3.9812,0.1684,0.3442,0.6354,1.0057,3.8019
practice_25,linear,1.0000,joint,10,0.1458,0.0493,0.2403,8,0.6499,1.4178,1.7367,0.8920,0.1447,0.1492,1.0052,1.4938
practice_25,none,0.0000,joint_per_drug_noise,10,0.0120,-0.0928,0.1171,2,-0.2361,1.6810,1.9656,0.9081,0.1888,0.2302,1.0046,1.6121
practice_25,linear,1.0000,joint_per_drug_noise,10,0.1810,0.0722,0.2887,8,-0.3777,1.5350,1.9076,0.9590,0.1692,0.1789,1.0053,1.5044
flaw_0.5,linear,1.0000,plain,10,0.0000,0.0000,0.0000,0,4.1405,0.5417,4.2698,0.0865,0.3714,0.7265,1.0054,4.1723
flaw_0.5,linear,1.0000,joint,10,0.0341,-0.0632,0.1334,1,3.4031,1.4004,3.5837,0.4547,0.3122,0.5723,1.0064,3.6532
flaw_0.5,none,0.0000,plain,10,0.0000,0.0000,0.0000,0,0.5709,0.7085,1.2150,0.9137,0.1139,0.0952,1.0063,0.8819
flaw_0.5,none,0.0000,joint,10,-0.0879,-0.1776,0.0026,5,2.3228,1.2807,2.5584,0.6787,0.2385,0.3563,1.0054,2.6214
flaw_0.5,none,0.0000,joint_per_drug_noise,10,-0.1130,-0.2148,-0.0090,5,3.0199,1.6177,3.2140,0.5995,0.2891,0.5080,1.0059,3.3875
flaw_0.5,linear,1.0000,joint_per_drug_noise,10,0.0438,-0.0691,0.1557,2,3.1279,1.7907,3.3574,0.5713,0.2878,0.5303,1.0056,3.5595
flaw_1.0,none,0.0000,plain,10,0.0000,0.0000,0.0000,0,0.9936,0.7094,1.4337,0.8624,0.1358,0.1304,1.0047,1.2001
flaw_1.0,none,0.0000,joint,10,-0.1774,-0.2632,-0.0899,10,4.5472,1.2928,4.6639,0.1441,0.3914,0.8263,1.0056,4.7097
flaw_1.0,linear,1.0000,plain,10,0.0000,0.0000,0.0000,0,4.5125,0.5398,4.6318,0.0518,0.3936,0.8141,1.0061,4.5415
flaw_1.0,linear,1.0000,joint,10,-0.0642,-0.1632,0.0347,3,5.8997,1.4758,5.9975,0.0673,0.4398,1.0449,1.0059,6.0636
flaw_1.0,none,0.0000,joint_per_drug_noise,10,-0.2274,-0.3244,-0.1278,10,5.9774,1.6532,6.0787,0.0718,0.4482,1.0862,1.0049,6.1797
flaw_1.0,linear,1.0000,joint_per_drug_noise,10,-0.0825,-0.1931,0.0284,4,6.4124,1.8877,6.5052,0.0928,0.4479,1.0890,1.0052,6.6578
