shape,strength,model,repeats,rho,rho_low,rho_high,bias_average,rmse_individual,coverage_95,wrong_drug,hba1c_lost,rhat_worst_patient
effect,0.5000,joint,20,-0.0000,-0.1663,0.1640,1.0134,1.6794,0.9958,0.1488,0.1510,1.0054
effect,0.5000,plain,20,0.0000,0.0000,0.0000,1.0137,1.6350,0.8338,0.1451,0.1461,1.0085
effect,1.0000,joint,20,0.0043,-0.1557,0.1657,3.0691,3.3744,0.8517,0.2965,0.4909,1.0064
effect,1.0000,plain,20,0.0000,0.0000,0.0000,3.1679,3.4607,0.2722,0.3042,0.5154,1.0070
linear,0.5000,joint,20,0.0030,-0.1711,0.1746,1.2609,1.8133,0.9943,0.1618,0.1741,1.0056
linear,0.5000,plain,20,0.0000,0.0000,0.0000,1.3324,1.8211,0.7709,0.1626,0.1779,1.0064
linear,1.0000,joint,20,0.0103,-0.1774,0.1974,4.1405,4.3277,0.7841,0.3758,0.7518,1.0049
linear,1.0000,plain,20,0.0000,0.0000,0.0000,4.3881,4.5618,0.0936,0.3901,0.8068,1.0058
none,0.0000,joint,20,0.0022,-0.1684,0.1726,-0.0091,1.3920,0.9991,0.1221,0.1028,1.0069
none,0.0000,plain,20,0.0000,0.0000,0.0000,0.0447,1.3689,0.9205,0.1211,0.1014,1.0082
threshold,0.5000,joint,20,0.0005,-0.1692,0.1709,0.9979,1.6617,0.9966,0.1485,0.1497,1.0058
threshold,0.5000,plain,20,0.0000,0.0000,0.0000,1.0084,1.6198,0.8432,0.1454,0.1455,1.0054
threshold,1.0000,joint,20,0.0034,-0.1638,0.1688,3.3989,3.6559,0.8410,0.3235,0.5728,1.0053
threshold,1.0000,plain,20,0.0000,0.0000,0.0000,3.4817,3.7307,0.2265,0.3292,0.5921,1.0064
