instrument_strength,shape,strength,model,repeats,rho,rho_low,rho_high,bias_average,bias_sd,rmse_individual,coverage_95,wrong_drug,hba1c_lost,predicted_benefit,observed_benefit,true_benefit,rhat_worst_patient
0.5000,effect,0.5000,joint,10,0.0014,-0.1254,0.1269,0.8178,1.3717,1.7520,0.9426,0.1568,0.1860,3.0349,2.7144,2.0656,1.0059
0.5000,effect,0.5000,plain,10,0.0000,0.0000,0.0000,0.8492,0.6494,1.4911,0.8691,0.1287,0.1277,2.9611,2.9595,2.1226,1.0051
0.5000,effect,1.0000,joint,10,0.0201,-0.1090,0.1492,2.4485,1.2415,2.8394,0.7994,0.2440,0.3856,3.7709,4.0063,1.5141,1.0061
0.5000,effect,1.0000,plain,10,0.0000,0.0000,0.0000,2.9069,0.3645,3.1852,0.3233,0.2775,0.4361,3.9436,4.0044,1.3570,1.0062
0.5000,linear,0.5000,joint,10,0.0186,-0.1129,0.1460,0.7273,1.4949,1.8116,0.9490,0.1625,0.1902,3.0231,3.0454,2.0923,1.0093
0.5000,linear,0.5000,plain,10,0.0000,0.0000,0.0000,1.1470,0.6460,1.6541,0.8163,0.1446,0.1527,3.0672,2.9525,2.0445,1.0054
0.5000,linear,1.0000,joint,10,0.0771,-0.0650,0.2158,2.2787,1.5526,2.6780,0.8392,0.2369,0.3792,3.6657,4.9570,1.5741,1.0063
0.5000,linear,1.0000,plain,10,0.0000,0.0000,0.0000,4.0952,0.3810,4.2552,0.1083,0.3645,0.7038,4.6685,4.6607,0.8776,1.0061
0.5000,none,0.0000,joint,10,-0.0033,-0.1296,0.1234,0.0855,1.4333,1.7442,0.9534,0.1521,0.1572,2.7411,2.5368,2.2779,1.0058
0.5000,none,0.0000,plain,10,0.0000,0.0000,0.0000,0.0107,0.6934,1.3756,0.9050,0.1154,0.0937,2.6071,2.6279,2.3474,1.0080
0.5000,threshold,0.5000,joint,10,0.0062,-0.1220,0.1333,0.6842,1.4287,1.7585,0.9476,0.1540,0.1774,3.0265,2.8789,2.1209,1.0062
0.5000,threshold,0.5000,plain,10,0.0000,0.0000,0.0000,0.8247,0.6626,1.4842,0.8686,0.1269,0.1216,2.9669,2.9718,2.1473,1.0057
0.5000,threshold,1.0000,joint,10,0.0406,-0.0950,0.1719,2.2903,1.3322,2.7244,0.8419,0.2357,0.3598,3.6557,4.3631,1.5713,1.0055
0.5000,threshold,1.0000,plain,10,0.0000,0.0000,0.0000,3.2477,0.3616,3.4878,0.2700,0.3046,0.5098,4.1277,4.2336,1.2191,1.0052
1.0000,effect,0.5000,joint,10,0.0165,-0.0749,0.1073,0.4497,1.2311,1.6663,0.9104,0.1502,0.1637,2.9209,3.0787,2.1508,1.0072
1.0000,effect,0.5000,plain,10,0.0000,0.0000,0.0000,0.7801,0.6818,1.5424,0.8509,0.1353,0.1353,2.9432,2.9814,2.1258,1.0060
1.0000,effect,1.0000,joint,10,0.0515,-0.0420,0.1456,1.5796,1.2231,2.0622,0.8262,0.1874,0.2376,3.2542,3.8831,1.8611,1.0051
1.0000,effect,1.0000,plain,10,0.0000,0.0000,0.0000,2.6467,0.5333,2.8631,0.3761,0.2599,0.3773,3.7276,3.6291,1.4939,1.0057
1.0000,linear,0.5000,joint,10,0.0393,-0.0533,0.1316,0.2557,1.2477,1.6690,0.9192,0.1520,0.1568,2.8752,3.1073,2.2026,1.0053
1.0000,linear,0.5000,plain,10,0.0000,0.0000,0.0000,1.0635,0.6824,1.6908,0.8111,0.1484,0.1601,3.0331,2.9182,2.0426,1.0057
1.0000,linear,1.0000,joint,10,0.1300,0.0318,0.2264,0.9543,1.3235,1.7770,0.9194,0.1652,0.1820,3.0172,4.3910,2.0732,1.0052
1.0000,linear,1.0000,plain,10,0.0000,0.0000,0.0000,3.7724,0.5505,3.9136,0.1363,0.3479,0.6417,4.3870,4.2969,1.0053,1.0080
1.0000,none,0.0000,joint,10,0.0036,-0.0871,0.0931,0.0811,1.2574,1.4479,0.9393,0.1338,0.1228,2.6891,2.5393,2.3178,1.0062
1.0000,none,0.0000,plain,10,0.0000,0.0000,0.0000,0.1518,0.7132,1.1413,0.9404,0.1022,0.0769,2.6105,2.6846,2.3550,1.0073
1.0000,threshold,0.5000,joint,10,0.0231,-0.0696,0.1167,0.3275,1.1809,1.6585,0.9253,0.1496,0.1566,2.9053,2.9089,2.1927,1.0060
1.0000,threshold,0.5000,plain,10,0.0000,0.0000,0.0000,0.7947,0.6646,1.5658,0.8508,0.1363,0.1357,2.9583,3.0230,2.1339,1.0050
1.0000,threshold,1.0000,joint,10,0.0851,-0.0102,0.1805,1.0606,1.2228,1.8225,0.9151,0.1642,0.1804,3.0828,3.7869,2.0561,1.0052
1.0000,threshold,1.0000,plain,10,0.0000,0.0000,0.0000,2.9121,0.5543,3.1247,0.3388,0.2819,0.4389,3.8722,3.9011,1.3759,1.0054
