generator_version,host,code_commit,run,variant,model,patients,shape,strength,repeat,crude_error,rho_mean,rho_low,rho_high,bias_average,rmse_individual,coverage_95,wrong_drug,hba1c_lost,rhat_average_effect,rhat_worst_patient,share_patients_rhat_above_1.01,seconds
2,EVELYN68961,47a37bf,more_patients,no_instrument,plain,20000,none,0.0,0,0.120988911364978,0.0,0.0,0.0,-0.05191376777437662,0.6134435927931039,0.96845,0.0371,0.008816665792752386,1.0002237334140254,1.0044371601230324,0.0,145
2,EVELYN68961,47a37bf,more_patients,no_instrument,joint,20000,none,0.0,0,0.120988911364978,0.001359698705076378,-0.0826300031780793,0.0829900967331705,-0.07961270583276278,0.6147524190459451,1.0,0.0368,0.008696904565155277,1.0017464709684984,1.0032212287601803,0.0,372
2,EVELYN68961,47a37bf,more_patients,no_instrument,plain,20000,none,0.0,1,0.7324221519445,0.0,0.0,0.0,0.21421747332949886,0.5630137679568393,0.9901,0.04875,0.014899242688259772,1.0010756466367732,1.0045651495195536,0.0,142
2,EVELYN68961,47a37bf,more_patients,no_instrument,joint,20000,none,0.0,1,0.7324221519445,-0.005706490035351473,-0.09132811138827338,0.07691645968439516,0.35015979536075936,0.6309416980788356,1.0,0.05855,0.020408638261271653,1.002298604758667,1.003965864788509,0.0,376
2,EVELYN68961,47a37bf,more_patients,no_instrument,plain,20000,linear,1.0,0,4.192891307163818,0.0,0.0,0.0,4.555734530271391,4.619097117493575,0.00045,0.36935,0.6800968225062883,1.0012223407295326,1.0054263091801703,0.0,146
2,EVELYN68961,47a37bf,more_patients,no_instrument,joint,20000,linear,1.0,0,4.192891307163818,0.011877142421461767,-0.08852132162295656,0.11336581780935139,4.2657827586091654,4.332105095736298,0.0226,0.34925,0.6052056725512628,1.0024620735647707,1.003529369948548,0.0,407
2,EVELYN68961,47a37bf,more_patients,no_instrument,plain,20000,none,0.0,2,0.20666568021968165,0.0,0.0,0.0,-0.35901378384538263,0.5827070840058941,0.9624,0.0582,0.021183977117557286,1.0007698736135355,1.0033165605789958,0.0,180
2,EVELYN68961,47a37bf,more_patients,no_instrument,joint,20000,none,0.0,2,0.20666568021968165,-0.02194413745161991,-0.1098594325700022,0.06394695423843347,0.14187713698059953,0.4737714048643073,1.0,0.03505,0.008977959242739104,1.002499973407061,1.0032427200147251,0.0,400
2,EVELYN68961,47a37bf,more_patients,no_instrument,plain,20000,linear,1.0,1,4.206491063156487,0.0,0.0,0.0,4.230652755768572,4.279040870798193,0.0016,0.40665,0.8471185913827809,1.001195853613027,1.0053366909758819,0.0,180
2,EVELYN68961,47a37bf,more_patients,no_instrument,joint,20000,linear,1.0,1,4.206491063156487,0.001913683892334768,-0.08943981678767637,0.09147160642300765,4.178383084080901,4.226585829326933,0.0126,0.4025,0.828203739631391,1.0003220700989646,1.0038547107626503,0.0,424
2,EVELYN68961,47a37bf,more_patients,no_instrument,plain,20000,linear,1.0,2,3.939049080780678,0.0,0.0,0.0,3.9308831828122095,3.9713589253000077,0.0,0.3788,0.712482306441255,1.0000507521733524,1.0052632298390944,0.0,183
2,EVELYN68961,47a37bf,more_patients,no_instrument,joint,20000,linear,1.0,2,3.939049080780678,-0.0031871352431441366,-0.09711783943332114,0.09146254244114047,4.013052596636007,4.053138563349239,0.0094,0.38465,0.7367550378279768,1.0017301244728851,1.0034484801655281,0.0,439
2,EVELYN68961,47a37bf,more_patients,no_instrument,plain,20000,none,0.0,3,0.9836125802066845,0.0,0.0,0.0,0.4543960283341186,0.7184091991116682,0.91975,0.0585,0.02650484844670833,1.0004207687159594,1.004176474076951,0.0,232
2,EVELYN68961,47a37bf,more_patients,no_instrument,joint,20000,none,0.0,3,0.9836125802066845,-0.003779836738004313,-0.08990228286032484,0.08288948024499829,0.5483575480240708,0.7773940191263194,0.99945,0.0654,0.03135468624034066,0.9997639668525691,1.0021161485213117,0.0,446
2,EVELYN68961,47a37bf,more_patients,no_instrument,plain,20000,linear,1.0,3,4.436716442304662,0.0,0.0,0.0,4.37828354344584,4.399701769779725,0.0,0.4033,0.8103794410660439,1.0001933452403622,1.003464579023475,0.0,239
2,EVELYN68961,47a37bf,more_patients,no_instrument,joint,20000,linear,1.0,3,4.436716442304662,0.007535738446785481,-0.08810261080678225,0.09817480397181963,4.202182061365158,4.2232339953652245,0.0001,0.3938,0.7688950984027838,1.000325649539388,1.002204591591014,0.0,435
2,EVELYN68961,47a37bf,more_patients,no_instrument,plain,20000,none,0.0,4,0.6299183700019384,0.0,0.0,0.0,0.015184813846041673,0.6891203225439159,0.94545,0.0615,0.02608654375963581,1.0020677915825902,1.004211079052142,0.0,238
2,EVELYN68961,47a37bf,more_patients,no_instrument,joint,20000,none,0.0,4,0.6299183700019384,-0.0002625618564432811,-0.08319738573055722,0.0813720876309186,0.01630174986823231,0.6913099379323564,0.99985,0.06145,0.026226771939622393,1.0025572907994114,1.006433261341816,0.0,394
2,EVELYN68961,47a37bf,more_patients,no_instrument,plain,20000,none,0.0,5,0.19358086310859596,0.0,0.0,0.0,-0.16605377436007152,0.4756487540710547,0.99555,0.04155,0.012770944183238266,0.9998068067516377,1.0036054733882425,0.0,187
2,EVELYN68961,47a37bf,more_patients,no_instrument,joint,20000,none,0.0,5,0.19358086310859596,-0.0033481708125269725,-0.08674213388563104,0.07833336553429318,-0.09002699235741733,0.4547138517459953,1.0,0.04275,0.012644896207325593,1.000536547654597,1.0040291299194475,0.0,401
2,EVELYN68961,47a37bf,more_patients,no_instrument,plain,20000,linear,1.0,4,4.662090361442647,0.0,0.0,0.0,4.396544137381637,4.4410053191965195,0.0,0.36845,0.6779000339788053,1.0005705975982055,1.0043080465759928,0.0,178
2,EVELYN68961,47a37bf,more_patients,no_instrument,joint,20000,linear,1.0,4,4.662090361442647,0.005760577017571999,-0.09060083636204301,0.10015647555452913,4.250945092696632,4.297206942239021,0.0073,0.35935,0.6435879355768209,1.0040406792857655,1.0042030756386269,0.0,433
2,EVELYN68961,47a37bf,more_patients,no_instrument,plain,20000,linear,1.0,5,4.37023759350311,0.0,0.0,0.0,4.28465729526944,4.311872423118951,0.0003,0.4003,0.8094853352484966,1.0008015631620812,1.0048628021280155,0.0,199
2,EVELYN68961,47a37bf,more_patients,no_instrument,joint,20000,linear,1.0,5,4.37023759350311,0.0019012320147599778,-0.08902940838408095,0.09182960048765589,4.234820899519608,4.262524344668495,0.00385,0.39735,0.7965404987700991,1.0005686502361342,1.003000549102495,0.0,410
2,EVELYN68961,47a37bf,more_patients,no_instrument,plain,20000,none,0.0,6,0.8111211423891901,0.0,0.0,0.0,0.4871509385128284,1.0106714031721606,0.74845,0.1008,0.06823447617928968,1.00018407821811,1.0038788081467478,0.0,161
2,EVELYN68961,47a37bf,more_patients,no_instrument,joint,20000,none,0.0,6,0.8111211423891901,-0.006426675192189636,-0.09227941917649674,0.07996020395929339,0.6334086711811855,1.0974122241729065,0.9914,0.10905,0.07785261685864175,0.9999955584662926,1.0020134666547922,0.0,417
2,EVELYN68961,47a37bf,more_patients,no_instrument,plain,20000,linear,1.0,6,4.329226373587909,0.0,0.0,0.0,4.252156090600511,4.300137880797526,0.0013,0.37705,0.7088791064402455,1.0005242619315449,1.0056943652857104,0.0,164
2,EVELYN68961,47a37bf,more_patients,no_instrument,joint,20000,linear,1.0,6,4.329226373587909,0.004472942659016085,-0.08834300418355122,0.09708166251689831,4.149735922717837,4.198091245178798,0.01095,0.3709,0.6844779961401635,1.0025507837503613,1.0040947829409375,0.0,438
2,EVELYN68961,47a37bf,more_patients,no_instrument,plain,20000,none,0.0,7,0.41823463208402645,0.0,0.0,0.0,0.08706572311494672,0.596697451154783,0.97135,0.04115,0.011434844482413227,0.9998586453010645,1.0041790307049525,0.0,169
2,EVELYN68961,47a37bf,more_patients,no_instrument,joint,20000,none,0.0,7,0.41823463208402645,-0.0028437101309468586,-0.08971906389416025,0.08845106784251687,0.15227997912238472,0.6048575985370788,1.0,0.0422,0.011974800449253059,1.001155155785961,1.003859515988503,0.0,463
2,EVELYN68961,47a37bf,more_patients,no_instrument,plain,20000,none,0.0,8,0.37883923576050976,0.0,0.0,0.0,-0.18569861346746047,0.6081967173109433,0.95595,0.0583,0.023161666003971113,1.0001154107736656,1.0045454584001856,0.0,237
2,EVELYN68961,47a37bf,more_patients,no_instrument,joint,20000,none,0.0,8,0.37883923576050976,0.011402024702038048,-0.07725315776858643,0.09419252294258712,-0.44281267578054123,0.7261404675333927,1.0,0.06075,0.027337360579967388,1.0005955583317672,1.0033640393918772,0.0,433
2,EVELYN68961,47a37bf,more_patients,no_instrument,plain,20000,linear,1.0,7,4.412932341079354,0.0,0.0,0.0,4.204835743734211,4.242038262965508,0.0,0.3596,0.6306602234107926,0.9997419269576062,1.0055548684046236,0.0,249
2,EVELYN68961,47a37bf,more_patients,no_instrument,joint,20000,linear,1.0,7,4.412932341079354,-0.0013651564836276405,-0.10436385017785824,0.10204574661747237,4.237009270851981,4.274494905829432,0.01145,0.36125,0.6370301011557129,1.0017030314188835,1.0043047987419247,0.0,457
2,EVELYN68961,47a37bf,more_patients,no_instrument,plain,20000,linear,1.0,8,4.983840963539872,0.0,0.0,0.0,4.871080986702508,4.891574862515009,0.0,0.43045,0.947616505958567,1.0002725510226407,1.0050142511989233,0.0,231
2,EVELYN68961,47a37bf,more_patients,no_instrument,joint,20000,linear,1.0,8,4.983840963539872,0.011175122870749416,-0.08719097809651746,0.10693898654016504,4.603768856083484,4.625164931512975,5e-05,0.41735,0.8837671081667435,1.0013817959304312,1.0046719444335257,0.0,453
2,EVELYN68961,47a37bf,more_patients,no_instrument,plain,20000,none,0.0,9,0.5484460950126355,0.0,0.0,0.0,-0.0031489029411735092,0.6327637693226028,0.97065,0.05725,0.019342887662225576,1.000374032200904,1.0057614600176912,0.0,165
2,EVELYN68961,47a37bf,more_patients,no_instrument,joint,20000,none,0.0,9,0.5484460950126355,-0.0030924999253316887,-0.09546556150087056,0.08466739770151384,0.07765288116553201,0.6297236047216521,0.9999,0.05505,0.01830807298671937,1.0008004697795843,1.0028644147050834,0.0,322
2,EVELYN68961,47a37bf,more_patients,no_instrument,plain,20000,linear,1.0,9,4.06994822821576,0.0,0.0,0.0,4.048881340052793,4.075485473394942,0.0,0.3625,0.654091540720884,1.0004213929660914,1.004464452457019,0.0,161
2,EVELYN68961,47a37bf,more_patients,no_instrument,joint,20000,linear,1.0,9,4.06994822821576,-0.004163927385087046,-0.09887539044541478,0.09144606990101806,4.163063164840283,4.18839611844213,0.00065,0.37025,0.6844741001988143,1.000270799230137,1.0037996408551002,0.0,332
